Dataset,# Training,% Training,% Defect Training,%Defect Testing,Classifier,Balancing,FeatureSelection,TP,FP,TN,FN,Precision,Recall,ROC Area,Kappa
AVRO,1,0.49765572672471536,0.039030955585464336,0.05333333333333334,RF,No sampling,False,699.0,8.0,21.0,15.0,0.9886845827439887,0.9789915966386554,0.9025403264754177,0.630164260826282
AVRO,1,0.49765572672471536,0.039030955585464336,0.05333333333333334,IBk,No sampling,False,1396.0,16.0,42.0,32.0,0.9886685552407932,0.9775910364145658,0.8539553752535497,0.6197219141857887
AVRO,1,0.49765572672471536,0.039030955585464336,0.05333333333333334,NB,No sampling,False,2061.0,21.0,66.0,81.0,0.9899135446685879,0.9621848739495799,0.8707138027624843,0.541624328639861
AVRO,1,0.49765572672471536,0.039030955585464336,0.05333333333333334,RF,Under sampling,False,662.0,5.0,24.0,52.0,0.992503748125937,0.927170868347339,0.8998840915676616,0.4246335267026237
AVRO,1,0.49765572672471536,0.039030955585464336,0.05333333333333334,IBk,Under sampling,False,1325.0,10.0,48.0,103.0,0.9925093632958801,0.9278711484593838,0.8889693808557906,0.4270144476520006
AVRO,1,0.49765572672471536,0.039030955585464336,0.05333333333333334,NB,Under sampling,False,1983.0,15.0,72.0,159.0,0.9924924924924925,0.9257703081232493,0.8844242677914077,0.4199375437462986
AVRO,1,0.49765572672471536,0.039030955585464336,0.05333333333333334,RF,Over sampling,False,697.0,7.0,22.0,17.0,0.9900568181818182,0.9761904761904762,0.9039891818796484,0.6305167626704241
AVRO,1,0.49765572672471536,0.039030955585464336,0.05333333333333334,IBk,Over sampling,False,1393.0,15.0,43.0,35.0,0.9893465909090909,0.9754901960784313,0.8550963488843814,0.6151216277816915
AVRO,1,0.49765572672471536,0.039030955585464336,0.05333333333333334,NB,Over sampling,False,2054.0,20.0,67.0,88.0,0.9903567984570878,0.9589169000933707,0.871234317481782,0.5302313600599474
AVRO,1,0.49765572672471536,0.039030955585464336,0.05333333333333334,RF,Smote,False,699.0,7.0,22.0,15.0,0.990084985835694,0.9789915966386554,0.902081522264078,0.6514117546703055
AVRO,1,0.49765572672471536,0.039030955585464336,0.05333333333333334,IBk,Smote,False,1396.0,15.0,43.0,32.0,0.9893692416725727,0.9775910364145658,0.8542511832319134,0.6303443457642185
AVRO,1,0.49765572672471536,0.039030955585464336,0.05333333333333334,NB,Smote,False,2061.0,20.0,67.0,81.0,0.9903892359442575,0.9621848739495799,0.871709220086502,0.5479909168117287
AVRO,1,0.49765572672471536,0.039030955585464336,0.05333333333333334,RF,No sampling,True,708.0,15.0,14.0,6.0,0.979253112033195,0.9915966386554622,0.8645803148845745,0.5573240275768142
AVRO,1,0.49765572672471536,0.039030955585464336,0.05333333333333334,IBk,No sampling,True,1415.0,30.0,28.0,13.0,0.9792387543252595,0.9908963585434174,0.7250917608422679,0.5511457030865844
AVRO,1,0.49765572672471536,0.039030955585464336,0.05333333333333334,NB,No sampling,True,2096.0,35.0,52.0,46.0,0.983575786015955,0.9785247432306255,0.7797793446880668,0.543275834591829
AVRO,1,0.49765572672471536,0.039030955585464336,0.05333333333333334,RF,Under sampling,True,665.0,5.0,24.0,49.0,0.9925373134328358,0.9313725490196079,0.8873273447309958,0.43926095706618945
AVRO,1,0.49765572672471536,0.039030955585464336,0.05333333333333334,IBk,Under sampling,True,1330.0,10.0,48.0,98.0,0.9925373134328358,0.9313725490196079,0.8859992272771178,0.43926095706618945
AVRO,1,0.49765572672471536,0.039030955585464336,0.05333333333333334,NB,Under sampling,True,1991.0,15.0,72.0,151.0,0.9925224327018943,0.9295051353874884,0.8854357835088058,0.4326574545989805
AVRO,1,0.49765572672471536,0.039030955585464336,0.05333333333333334,RF,Over sampling,True,703.0,15.0,14.0,11.0,0.979108635097493,0.9845938375350141,0.7975949000289771,0.5004654530409596
AVRO,1,0.49765572672471536,0.039030955585464336,0.05333333333333334,IBk,Over sampling,True,1406.0,30.0,28.0,22.0,0.979108635097493,0.9845938375350141,0.6902467883705207,0.5004654530409596
AVRO,1,0.49765572672471536,0.039030955585464336,0.05333333333333334,NB,Over sampling,True,2079.0,35.0,52.0,63.0,0.9834437086092715,0.9705882352941176,0.7562005645169946,0.4922881686841084
AVRO,1,0.49765572672471536,0.039030955585464336,0.05333333333333334,RF,Smote,True,708.0,15.0,14.0,6.0,0.979253112033195,0.9915966386554622,0.8959480343861682,0.5573240275768142
AVRO,1,0.49765572672471536,0.039030955585464336,0.05333333333333334,IBk,Smote,True,1415.0,30.0,28.0,13.0,0.9792387543252595,0.9908963585434174,0.7409265430310055,0.5511457030865844
AVRO,1,0.49765572672471536,0.039030955585464336,0.05333333333333334,NB,Smote,True,2097.0,35.0,52.0,45.0,0.9835834896810507,0.9789915966386554,0.8259575860995739,0.5465572219764115
AVRO,2,0.6722197208464655,0.046215673141326186,0.057692307692307696,RF,No sampling,False,1408.0,27.0,42.0,16.0,0.981184668989547,0.9887640449438202,0.9211956521739131,0.6464949038307993
AVRO,2,0.6722197208464655,0.046215673141326186,0.057692307692307696,IBk,No sampling,False,2794.0,55.0,83.0,54.0,0.9806949806949807,0.9810393258426966,0.7822244951962221,0.5845037518925417
AVRO,2,0.6722197208464655,0.046215673141326186,0.057692307692307696,NB,No sampling,False,4110.0,62.0,145.0,162.0,0.9851390220517737,0.9620786516853933,0.8539382384338418,0.5387373868332054
AVRO,2,0.6722197208464655,0.046215673141326186,0.057692307692307696,RF,Under sampling,False,1316.0,7.0,62.0,108.0,0.9947089947089947,0.9241573033707865,0.9232209737827716,0.48496701833114825
AVRO,2,0.6722197208464655,0.046215673141326186,0.057692307692307696,IBk,Under sampling,False,2641.0,16.0,122.0,207.0,0.9939781708694015,0.9273174157303371,0.9070031346686207,0.489223400615806
AVRO,2,0.6722197208464655,0.046215673141326186,0.057692307692307696,NB,Under sampling,False,3957.0,23.0,184.0,315.0,0.9942211055276382,0.9262640449438202,0.9123723289728419,0.4877831416286713
AVRO,2,0.6722197208464655,0.046215673141326186,0.057692307692307696,RF,Over sampling,False,1396.0,42.0,27.0,28.0,0.9707927677329624,0.9803370786516854,0.7005679042501222,0.4113505536718066
AVRO,2,0.6722197208464655,0.046215673141326186,0.057692307692307696,IBk,Over sampling,False,2781.0,68.0,70.0,67.0,0.9761319761319761,0.9764747191011236,0.6868142912392119,0.48539455509626833
AVRO,2,0.6722197208464655,0.046215673141326186,0.057692307692307696,NB,Over sampling,False,4097.0,75.0,132.0,175.0,0.9820230105465004,0.9590355805243446,0.7906042492174636,0.48519797637634593
AVRO,2,0.6722197208464655,0.046215673141326186,0.057692307692307696,RF,Smote,False,1408.0,26.0,43.0,16.0,0.9818688981868898,0.9887640449438202,0.9214500895619606,0.6572730949596086
AVRO,2,0.6722197208464655,0.046215673141326186,0.057692307692307696,IBk,Smote,False,2794.0,54.0,84.0,54.0,0.9810393258426966,0.9810393258426966,0.7827257368506758,0.5897349780166092
AVRO,2,0.6722197208464655,0.046215673141326186,0.057692307692307696,NB,Smote,False,4110.0,61.0,146.0,162.0,0.9853752097818269,0.9620786516853933,0.8545935560621687,0.5416531867823252
AVRO,2,0.6722197208464655,0.046215673141326186,0.057692307692307696,RF,No sampling,True,1413.0,25.0,44.0,11.0,0.9826147426981919,0.9922752808988764,0.7343928106171633,0.6972659990312157
AVRO,2,0.6722197208464655,0.046215673141326186,0.057692307692307696,IBk,No sampling,True,2825.0,50.0,88.0,23.0,0.9826086956521739,0.9919241573033708,0.7150504803777886,0.6942281849068147
AVRO,2,0.6722197208464655,0.046215673141326186,0.057692307692307696,NB,No sampling,True,4199.0,68.0,139.0,73.0,0.9840637450199203,0.9829119850187266,0.7969600951708915,0.6469744814367
AVRO,2,0.6722197208464655,0.046215673141326186,0.057692307692307696,RF,Under sampling,True,1316.0,7.0,62.0,108.0,0.9947089947089947,0.9241573033707865,0.9186512782934375,0.48496701833114825
AVRO,2,0.6722197208464655,0.046215673141326186,0.057692307692307696,IBk,Under sampling,True,2632.0,14.0,124.0,216.0,0.9947089947089947,0.9241573033707865,0.9161501587689301,0.48496701833114825
AVRO,2,0.6722197208464655,0.046215673141326186,0.057692307692307696,NB,Under sampling,True,3996.0,30.0,177.0,276.0,0.992548435171386,0.9353932584269663,0.9145282617742315,0.5049573827619607
AVRO,2,0.6722197208464655,0.046215673141326186,0.057692307692307696,RF,Over sampling,True,1397.0,24.0,45.0,27.0,0.9831104855735397,0.9810393258426966,0.7077939260706725,0.6203802031140168
AVRO,2,0.6722197208464655,0.046215673141326186,0.057692307692307696,IBk,Over sampling,True,2794.0,48.0,90.0,54.0,0.9831104855735397,0.9810393258426966,0.708502534196385,0.6203802031140168
AVRO,2,0.6722197208464655,0.046215673141326186,0.057692307692307696,NB,Over sampling,True,4163.0,66.0,141.0,109.0,0.984393473634429,0.9744850187265918,0.7744695263167417,0.5966739785829286
AVRO,2,0.6722197208464655,0.046215673141326186,0.057692307692307696,RF,Smote,True,1408.0,25.0,44.0,16.0,0.9825540823447313,0.9887640449438202,0.6949499267220323,0.6678928150957315
AVRO,2,0.6722197208464655,0.046215673141326186,0.057692307692307696,IBk,Smote,True,2814.0,50.0,88.0,34.0,0.9825418994413407,0.988061797752809,0.694851968327634,0.662275410401137
AVRO,2,0.6722197208464655,0.046215673141326186,0.057692307692307696,NB,Smote,True,4189.0,70.0,137.0,83.0,0.9835642169523362,0.9805711610486891,0.7426179232481138,0.6237690459210317
AVRO,3,0.7093580325774513,0.04997748761819001,0.08681318681318681,RF,No sampling,False,2110.0,56.0,55.0,0.0,0.974145891043398,1.0,0.8226719610605866,0.6510957259394746
AVRO,3,0.7093580325774513,0.04997748761819001,0.08681318681318681,IBk,No sampling,False,4219.0,113.0,109.0,1.0,0.9739150507848569,0.9997630331753554,0.8326758037658512,0.6448652924741077
AVRO,3,0.7093580325774513,0.04997748761819001,0.08681318681318681,NB,No sampling,False,6293.0,181.0,152.0,37.0,0.9720420142106889,0.9941548183254344,0.8300632385940443,0.5666938725832386
AVRO,3,0.7093580325774513,0.04997748761819001,0.08681318681318681,RF,Under sampling,False,2110.0,56.0,55.0,0.0,0.974145891043398,1.0,0.8682421758251142,0.6510957259394746
AVRO,3,0.7093580325774513,0.04997748761819001,0.08681318681318681,IBk,Under sampling,False,4213.0,105.0,117.0,7.0,0.9756831866604909,0.9983412322274882,0.8677346185047606,0.6642742037795343
AVRO,3,0.7093580325774513,0.04997748761819001,0.08681318681318681,NB,Under sampling,False,6292.0,169.0,164.0,38.0,0.9738430583501007,0.993996840442338,0.8569835238081683,0.5979092016641725
AVRO,3,0.7093580325774513,0.04997748761819001,0.08681318681318681,RF,Over sampling,False,2110.0,56.0,55.0,0.0,0.974145891043398,1.0,0.8173690277955681,0.6510957259394746
AVRO,3,0.7093580325774513,0.04997748761819001,0.08681318681318681,IBk,Over sampling,False,4215.0,108.0,114.0,5.0,0.9750173490631506,0.9988151658767772,0.8297975107809231,0.6566449093841786
AVRO,3,0.7093580325774513,0.04997748761819001,0.08681318681318681,NB,Over sampling,False,6288.0,170.0,163.0,42.0,0.9736760606999071,0.9933649289099526,0.8375154775628709,0.5903454708070732
AVRO,3,0.7093580325774513,0.04997748761819001,0.08681318681318681,RF,Smote,False,2110.0,56.0,55.0,0.0,0.974145891043398,1.0,0.8200824046795611,0.6510957259394746
AVRO,3,0.7093580325774513,0.04997748761819001,0.08681318681318681,IBk,Smote,False,4219.0,111.0,111.0,1.0,0.974364896073903,0.9997630331753554,0.8315459416762734,0.6530413557430789
AVRO,3,0.7093580325774513,0.04997748761819001,0.08681318681318681,NB,Smote,False,6294.0,155.0,178.0,36.0,0.9759652659327027,0.9943127962085309,0.8301526645128541,0.6366124454868556
AVRO,3,0.7093580325774513,0.04997748761819001,0.08681318681318681,RF,No sampling,True,2110.0,56.0,55.0,0.0,0.974145891043398,1.0,0.7477477477477478,0.6510957259394746
AVRO,3,0.7093580325774513,0.04997748761819001,0.08681318681318681,IBk,No sampling,True,4220.0,112.0,110.0,0.0,0.974145891043398,1.0,0.7774454549336066,0.6510957259394746
AVRO,3,0.7093580325774513,0.04997748761819001,0.08681318681318681,NB,No sampling,True,6330.0,168.0,165.0,0.0,0.974145891043398,1.0,0.7739234495158666,0.6510957259394746
AVRO,3,0.7093580325774513,0.04997748761819001,0.08681318681318681,RF,Under sampling,True,2110.0,56.0,55.0,0.0,0.974145891043398,1.0,0.7477477477477478,0.6510957259394746
AVRO,3,0.7093580325774513,0.04997748761819001,0.08681318681318681,IBk,Under sampling,True,4220.0,112.0,110.0,0.0,0.974145891043398,1.0,0.7774828145681226,0.6510957259394746
AVRO,3,0.7093580325774513,0.04997748761819001,0.08681318681318681,NB,Under sampling,True,6330.0,168.0,165.0,0.0,0.974145891043398,1.0,0.7739794296666335,0.6510957259394746
AVRO,3,0.7093580325774513,0.04997748761819001,0.08681318681318681,RF,Over sampling,True,2110.0,56.0,55.0,0.0,0.974145891043398,1.0,0.7477477477477478,0.6510957259394746
AVRO,3,0.7093580325774513,0.04997748761819001,0.08681318681318681,IBk,Over sampling,True,4220.0,112.0,110.0,0.0,0.974145891043398,1.0,0.7772479825797362,0.6510957259394746
AVRO,3,0.7093580325774513,0.04997748761819001,0.08681318681318681,NB,Over sampling,True,6330.0,168.0,165.0,0.0,0.974145891043398,1.0,0.7738468326146051,0.6510957259394746
AVRO,3,0.7093580325774513,0.04997748761819001,0.08681318681318681,RF,Smote,True,2110.0,56.0,55.0,0.0,0.974145891043398,1.0,0.7477477477477478,0.6510957259394746
AVRO,3,0.7093580325774513,0.04997748761819001,0.08681318681318681,IBk,Smote,True,4220.0,112.0,110.0,0.0,0.974145891043398,1.0,0.7774454549336066,0.6510957259394746
AVRO,3,0.7093580325774513,0.04997748761819001,0.08681318681318681,NB,Smote,True,6330.0,168.0,165.0,0.0,0.974145891043398,1.0,0.7909648985478369,0.6510957259394746
AVRO,4,0.8224323614394536,0.06068348770360907,0.022189349112426034,RF,No sampling,False,2648.0,32.0,158.0,293.0,0.9880597014925373,0.9003740224413465,0.9057472395712164,0.44564175788615223
AVRO,4,0.8224323614394536,0.06068348770360907,0.022189349112426034,IBk,No sampling,False,5347.0,61.0,319.0,535.0,0.9887204142011834,0.9090445426725604,0.8885661429159434,0.47273089970597365
AVRO,4,0.8224323614394536,0.06068348770360907,0.022189349112426034,NB,No sampling,False,7999.0,88.0,482.0,824.0,0.9891183380734512,0.9066077297971211,0.8839167367585915,0.4689940038783995
AVRO,4,0.8224323614394536,0.06068348770360907,0.022189349112426034,RF,Under sampling,False,2632.0,26.0,164.0,309.0,0.9902182091798345,0.8949336960217613,0.8860144240233362,0.4468235806621229
AVRO,4,0.8224323614394536,0.06068348770360907,0.022189349112426034,IBk,Under sampling,False,5264.0,52.0,328.0,618.0,0.9902182091798345,0.8949336960217613,0.8810510209559942,0.4468235806621229
AVRO,4,0.8224323614394536,0.06068348770360907,0.022189349112426034,NB,Under sampling,False,7915.0,81.0,489.0,908.0,0.9898699349674838,0.8970871585628472,0.8796556448357662,0.449776174314126
AVRO,4,0.8224323614394536,0.06068348770360907,0.022189349112426034,RF,Over sampling,False,2645.0,31.0,159.0,296.0,0.9884155455904334,0.8993539612376743,0.8729844843322179,0.44555411446473125
AVRO,4,0.8224323614394536,0.06068348770360907,0.022189349112426034,IBk,Over sampling,False,5316.0,60.0,320.0,566.0,0.9888392857142857,0.9037742264535872,0.8683915245441042,0.4596315691093269
AVRO,4,0.8224323614394536,0.06068348770360907,0.022189349112426034,NB,Over sampling,False,7967.0,87.0,483.0,856.0,0.9891979140799603,0.9029808455173977,0.8741731638401228,0.4600597740523997
AVRO,4,0.8224323614394536,0.06068348770360907,0.022189349112426034,RF,Smote,False,2647.0,31.0,159.0,294.0,0.9884241971620612,0.9000340020401224,0.9103178295960915,0.44729842544618886
AVRO,4,0.8224323614394536,0.06068348770360907,0.022189349112426034,IBk,Smote,False,5323.0,58.0,322.0,559.0,0.989221334324475,0.9049642978578715,0.8925620537232234,0.4653730228861317
AVRO,4,0.8224323614394536,0.06068348770360907,0.022189349112426034,NB,Smote,False,7956.0,84.0,486.0,867.0,0.9895522388059701,0.9017341040462428,0.8851499569506334,0.4592874992304928
AVRO,4,0.8224323614394536,0.06068348770360907,0.022189349112426034,RF,No sampling,True,2743.0,34.0,156.0,198.0,0.9877565718401152,0.9326759605576335,0.914750621879418,0.5369595039088599
AVRO,4,0.8224323614394536,0.06068348770360907,0.022189349112426034,IBk,No sampling,True,5486.0,68.0,312.0,396.0,0.9877565718401152,0.9326759605576335,0.885056103366202,0.5369595039088599
AVRO,4,0.8224323614394536,0.06068348770360907,0.022189349112426034,NB,No sampling,True,8249.0,123.0,447.0,574.0,0.9853081700907788,0.9349427632324606,0.8849223818926212,0.5249080155813478
AVRO,4,0.8224323614394536,0.06068348770360907,0.022189349112426034,RF,Under sampling,True,2632.0,26.0,164.0,309.0,0.9902182091798345,0.8949336960217613,0.8807110005547701,0.4468235806621229
AVRO,4,0.8224323614394536,0.06068348770360907,0.022189349112426034,IBk,Under sampling,True,5325.0,58.0,322.0,557.0,0.9892253390302805,0.9053043182590955,0.8810492313749352,0.4662933571772458
AVRO,4,0.8224323614394536,0.06068348770360907,0.022189349112426034,NB,Under sampling,True,8072.0,106.0,464.0,751.0,0.9870383956957691,0.9148815595602403,0.8821115465758355,0.4766537257162136
AVRO,4,0.8224323614394536,0.06068348770360907,0.022189349112426034,RF,Over sampling,True,2696.0,32.0,158.0,245.0,0.9882697947214076,0.916695001700102,0.8614076844610676,0.4908922169854239
AVRO,4,0.8224323614394536,0.06068348770360907,0.022189349112426034,IBk,Over sampling,True,5392.0,64.0,316.0,490.0,0.9882697947214076,0.916695001700102,0.8588834803772437,0.4908922169854239
AVRO,4,0.8224323614394536,0.06068348770360907,0.022189349112426034,NB,Over sampling,True,8133.0,112.0,458.0,690.0,0.9864160097028503,0.9217953077184631,0.8685033733602964,0.49197765323343867
AVRO,4,0.8224323614394536,0.06068348770360907,0.022189349112426034,RF,Smote,True,2730.0,34.0,156.0,211.0,0.9876989869753979,0.9282556953417205,0.9122774208557777,0.5219123381823826
AVRO,4,0.8224323614394536,0.06068348770360907,0.022189349112426034,IBk,Smote,True,5460.0,68.0,312.0,422.0,0.9876989869753979,0.9282556953417205,0.883262495749745,0.5219123381823826
AVRO,4,0.8224323614394536,0.06068348770360907,0.022189349112426034,NB,Smote,True,8225.0,122.0,448.0,598.0,0.9853839702887265,0.932222600022668,0.8678273094046461,0.5164702793692957
AVRO,5,0.8507262569832402,0.0538481744155503,0.014970059880239521,RF,No sampling,False,3324.0,37.0,168.0,278.0,0.9889913716155906,0.9228206551915602,0.9098387074931271,0.47758372152087336
AVRO,5,0.8507262569832402,0.0538481744155503,0.014970059880239521,IBk,No sampling,False,6715.0,69.0,341.0,489.0,0.9898290094339622,0.9321210438645197,0.9004248994461072,0.5150407042311399
AVRO,5,0.8507262569832402,0.0538481744155503,0.014970059880239521,NB,No sampling,False,10025.0,100.0,515.0,781.0,0.9901234567901235,0.92772533777531,0.8945947674357365,0.5026604369602555
AVRO,5,0.8507262569832402,0.0538481744155503,0.014970059880239521,RF,Under sampling,False,3290.0,28.0,177.0,312.0,0.9915611814345991,0.9133814547473625,0.9099206402946872,0.46985707545315164
AVRO,5,0.8507262569832402,0.0538481744155503,0.014970059880239521,IBk,Under sampling,False,6681.0,60.0,350.0,523.0,0.991099243435692,0.9274014436424208,0.9077296149835458,0.5096641938684414
AVRO,5,0.8507262569832402,0.0538481744155503,0.014970059880239521,NB,Under sampling,False,9991.0,88.0,527.0,815.0,0.9912689750967358,0.9245789376272441,0.8977626100525303,0.5017852694150315
AVRO,5,0.8507262569832402,0.0538481744155503,0.014970059880239521,RF,Over sampling,False,3290.0,28.0,177.0,312.0,0.9915611814345991,0.9133814547473625,0.9139983207161333,0.46985707545315164
AVRO,5,0.8507262569832402,0.0538481744155503,0.014970059880239521,IBk,Over sampling,False,6681.0,60.0,350.0,523.0,0.991099243435692,0.9274014436424208,0.9107196543925461,0.5096641938684414
AVRO,5,0.8507262569832402,0.0538481744155503,0.014970059880239521,NB,Over sampling,False,9991.0,88.0,527.0,815.0,0.9912689750967358,0.9245789376272441,0.9035151353734525,0.5017852694150315
AVRO,5,0.8507262569832402,0.0538481744155503,0.014970059880239521,RF,Smote,False,3307.0,31.0,174.0,295.0,0.9907130017974836,0.9181010549694614,0.9129697593477878,0.47713710825790717
AVRO,5,0.8507262569832402,0.0538481744155503,0.014970059880239521,IBk,Smote,False,6698.0,63.0,347.0,506.0,0.9906818517970715,0.9297612437534702,0.9050254939667665,0.5141465390575461
AVRO,5,0.8507262569832402,0.0538481744155503,0.014970059880239521,NB,Smote,False,9988.0,91.0,524.0,818.0,0.9909713265204881,0.9243013140847677,0.8989800156191456,0.498474872534068
AVRO,5,0.8507262569832402,0.0538481744155503,0.014970059880239521,RF,No sampling,True,3324.0,37.0,168.0,278.0,0.9889913716155906,0.9228206551915602,0.8699144106932463,0.47758372152087336
AVRO,5,0.8507262569832402,0.0538481744155503,0.014970059880239521,IBk,No sampling,True,6648.0,74.0,336.0,556.0,0.9889913716155906,0.9228206551915602,0.8708534215408784,0.47758372152087336
AVRO,5,0.8507262569832402,0.0538481744155503,0.014970059880239521,NB,No sampling,True,10076.0,205.0,410.0,730.0,0.9800603054177609,0.9324449379974088,0.8556999348449897,0.42716271704416775
AVRO,5,0.8507262569832402,0.0538481744155503,0.014970059880239521,RF,Under sampling,True,3324.0,37.0,168.0,278.0,0.9889913716155906,0.9228206551915602,0.8699144106932463,0.47758372152087336
AVRO,5,0.8507262569832402,0.0538481744155503,0.014970059880239521,IBk,Under sampling,True,6648.0,74.0,336.0,556.0,0.9889913716155906,0.9228206551915602,0.870679398978887,0.47758372152087336
AVRO,5,0.8507262569832402,0.0538481744155503,0.014970059880239521,NB,Under sampling,True,9982.0,121.0,494.0,824.0,0.9880233593981985,0.9237460669998149,0.8554802435864447,0.47237836895258223
AVRO,5,0.8507262569832402,0.0538481744155503,0.014970059880239521,RF,Over sampling,True,3324.0,37.0,168.0,278.0,0.9889913716155906,0.9228206551915602,0.8711664251567557,0.47758372152087336
AVRO,5,0.8507262569832402,0.0538481744155503,0.014970059880239521,IBk,Over sampling,True,6648.0,74.0,336.0,556.0,0.9889913716155906,0.9228206551915602,0.8718296745710378,0.47758372152087336
AVRO,5,0.8507262569832402,0.0538481744155503,0.014970059880239521,NB,Over sampling,True,9982.0,121.0,494.0,824.0,0.9880233593981985,0.9237460669998149,0.8573740273771422,0.47237836895258223
AVRO,5,0.8507262569832402,0.0538481744155503,0.014970059880239521,RF,Smote,True,3290.0,28.0,177.0,312.0,0.9915611814345991,0.9133814547473625,0.8898613236548801,0.46985707545315164
AVRO,5,0.8507262569832402,0.0538481744155503,0.014970059880239521,IBk,Smote,True,6580.0,56.0,354.0,624.0,0.9915611814345991,0.9133814547473625,0.8893935956988664,0.46985707545315164
AVRO,5,0.8507262569832402,0.0538481744155503,0.014970059880239521,NB,Smote,True,10019.0,178.0,437.0,787.0,0.9825438854565068,0.9271700906903572,0.884786380345758,0.43474022242316906
AVRO,6,0.8372310570626754,0.048044692737430165,0.02528735632183908,RF,No sampling,False,4155.0,84.0,131.0,105.0,0.9801840056617127,0.9753521126760564,0.8650627797794519,0.5587441208924501
AVRO,6,0.8372310570626754,0.048044692737430165,0.02528735632183908,IBk,No sampling,False,8399.0,196.0,234.0,121.0,0.977196044211751,0.9857981220657277,0.7211659296866471,0.577833329613345
AVRO,6,0.8372310570626754,0.048044692737430165,0.02528735632183908,NB,No sampling,False,8610.0,290.0,355.0,4170.0,0.9674157303370786,0.6737089201877934,0.5665189673787774,0.058117036337895195
AVRO,6,0.8372310570626754,0.048044692737430165,0.02528735632183908,RF,Under sampling,False,4143.0,57.0,158.0,117.0,0.9864285714285714,0.9725352112676057,0.8657189649525058,0.624656543745481
AVRO,6,0.8372310570626754,0.048044692737430165,0.02528735632183908,IBk,Under sampling,False,8260.0,156.0,274.0,260.0,0.9814638783269962,0.9694835680751174,0.7361847636204826,0.5442036295258896
AVRO,6,0.8372310570626754,0.048044692737430165,0.02528735632183908,NB,Under sampling,False,8462.0,238.0,407.0,4318.0,0.9726436781609196,0.6621283255086072,0.5304514078441364,0.07322605572980573
AVRO,6,0.8372310570626754,0.048044692737430165,0.02528735632183908,RF,Over sampling,False,4136.0,74.0,141.0,124.0,0.9824228028503563,0.9708920187793427,0.780281690140845,0.5643912391534133
AVRO,6,0.8372310570626754,0.048044692737430165,0.02528735632183908,IBk,Over sampling,False,8368.0,179.0,251.0,152.0,0.9790569790569791,0.9821596244131455,0.6943057375259308,0.5832682728517029
AVRO,6,0.8372310570626754,0.048044692737430165,0.02528735632183908,NB,Over sampling,False,8573.0,266.0,379.0,4207.0,0.969906097974884,0.6708137715179968,0.5712145309410295,0.06624466540979042
AVRO,6,0.8372310570626754,0.048044692737430165,0.02528735632183908,RF,Smote,False,4225.0,77.0,138.0,35.0,0.9821013482101348,0.9917840375586855,0.8702538486734359,0.698419288649806
AVRO,6,0.8372310570626754,0.048044692737430165,0.02528735632183908,IBk,Smote,False,8462.0,189.0,241.0,58.0,0.9781528147035025,0.9931924882629108,0.7227120864723223,0.6472785408964781
AVRO,6,0.8372310570626754,0.048044692737430165,0.02528735632183908,NB,Smote,False,8723.0,288.0,357.0,4057.0,0.9680390633669959,0.6825508607198748,0.5211533888949546,0.06253939960961366
AVRO,6,0.8372310570626754,0.048044692737430165,0.02528735632183908,RF,No sampling,True,4141.0,87.0,128.0,119.0,0.9794228949858089,0.9720657276995305,0.6730609236816246,0.5299657359629618
AVRO,6,0.8372310570626754,0.048044692737430165,0.02528735632183908,IBk,No sampling,True,8282.0,174.0,256.0,238.0,0.9794228949858089,0.9720657276995305,0.6730609236816246,0.5299657359629618
AVRO,6,0.8372310570626754,0.048044692737430165,0.02528735632183908,NB,No sampling,True,12423.0,275.0,370.0,357.0,0.9783430461489998,0.9720657276995305,0.7469820213269279,0.5146462470976079
AVRO,6,0.8372310570626754,0.048044692737430165,0.02528735632183908,RF,Under sampling,True,4141.0,87.0,128.0,119.0,0.9794228949858089,0.9720657276995305,0.6730609236816246,0.5299657359629618
AVRO,6,0.8372310570626754,0.048044692737430165,0.02528735632183908,IBk,Under sampling,True,8282.0,174.0,256.0,238.0,0.9794228949858089,0.9720657276995305,0.6730609236816246,0.5299657359629618
AVRO,6,0.8372310570626754,0.048044692737430165,0.02528735632183908,NB,Under sampling,True,12230.0,208.0,437.0,550.0,0.9832770541887763,0.956964006259781,0.7469820213269279,0.5068827511815301
AVRO,6,0.8372310570626754,0.048044692737430165,0.02528735632183908,RF,Over sampling,True,4141.0,87.0,128.0,119.0,0.9794228949858089,0.9720657276995305,0.6730609236816246,0.5299657359629618
AVRO,6,0.8372310570626754,0.048044692737430165,0.02528735632183908,IBk,Over sampling,True,8282.0,174.0,256.0,238.0,0.9794228949858089,0.9720657276995305,0.6730609236816246,0.5299657359629618
AVRO,6,0.8372310570626754,0.048044692737430165,0.02528735632183908,NB,Over sampling,True,12230.0,208.0,437.0,550.0,0.9832770541887763,0.956964006259781,0.7469820213269279,0.5068827511815301
AVRO,6,0.8372310570626754,0.048044692737430165,0.02528735632183908,RF,Smote,True,4141.0,87.0,128.0,119.0,0.9794228949858089,0.9720657276995305,0.6730609236816246,0.5299657359629618
AVRO,6,0.8372310570626754,0.048044692737430165,0.02528735632183908,IBk,Smote,True,8282.0,174.0,256.0,238.0,0.9794228949858089,0.9720657276995305,0.6730609236816246,0.5299657359629618
AVRO,6,0.8372310570626754,0.048044692737430165,0.02528735632183908,NB,Smote,True,12424.0,277.0,368.0,356.0,0.9781906936461696,0.9721439749608763,0.746888124613313,0.5128638140793869
AVRO,7,0.8682586094866797,0.044340505144995324,0.055487053020961775,RF,No sampling,False,5108.0,93.0,144.0,0.0,0.9821188233032109,1.0,0.7463030606412048,0.747440413496875
AVRO,7,0.8682586094866797,0.044340505144995324,0.055487053020961775,IBk,No sampling,False,10214.0,223.0,251.0,2.0,0.9786337070039284,0.999804228660924,0.6605722511886707,0.6806534333290937
AVRO,7,0.8682586094866797,0.044340505144995324,0.055487053020961775,NB,No sampling,False,15186.0,297.0,414.0,138.0,0.9808176709939934,0.9909945184025059,0.7612423504161954,0.6416945866190423
AVRO,7,0.8682586094866797,0.044340505144995324,0.055487053020961775,RF,Under sampling,False,4911.0,74.0,163.0,197.0,0.9851554663991976,0.9614330462020361,0.8843813295269437,0.5204175047387279
AVRO,7,0.8682586094866797,0.044340505144995324,0.055487053020961775,IBk,Under sampling,False,9721.0,144.0,330.0,495.0,0.9854029396857578,0.9515465935787001,0.8350695649085244,0.4787240131225004
AVRO,7,0.8682586094866797,0.044340505144995324,0.055487053020961775,NB,Under sampling,False,14376.0,195.0,516.0,948.0,0.9866172534486308,0.9381362568519969,0.8481543618001197,0.4411225274183937
AVRO,7,0.8682586094866797,0.044340505144995324,0.055487053020961775,RF,Over sampling,False,5105.0,92.0,145.0,3.0,0.9822974793149895,0.9994126859827721,0.7294638343427535,0.7445379597147009
AVRO,7,0.8682586094866797,0.044340505144995324,0.055487053020961775,IBk,Over sampling,False,10204.0,205.0,269.0,12.0,0.9803055048515708,0.9988253719655442,0.6868131482344234,0.7027725578962657
AVRO,7,0.8682586094866797,0.044340505144995324,0.055487053020961775,NB,Over sampling,False,15028.0,259.0,452.0,296.0,0.9830574998364624,0.9806838945445053,0.7641866760945297,0.6014839457734175
AVRO,7,0.8682586094866797,0.044340505144995324,0.055487053020961775,RF,Smote,False,5108.0,93.0,144.0,0.0,0.9821188233032109,1.0,0.7692244150814971,0.747440413496875
AVRO,7,0.8682586094866797,0.044340505144995324,0.055487053020961775,IBk,Smote,False,10214.0,221.0,253.0,2.0,0.97882127455678,0.999804228660924,0.6762061827397414,0.684308732173529
AVRO,7,0.8682586094866797,0.044340505144995324,0.055487053020961775,NB,Smote,False,15201.0,292.0,419.0,123.0,0.98115277867424,0.9919733750978856,0.767280744360629,0.6555830504953358
AVRO,7,0.8682586094866797,0.044340505144995324,0.055487053020961775,RF,No sampling,True,5108.0,93.0,144.0,0.0,0.9821188233032109,1.0,0.8037974683544303,0.747440413496875
AVRO,7,0.8682586094866797,0.044340505144995324,0.055487053020961775,IBk,No sampling,True,10216.0,186.0,288.0,0.0,0.9821188233032109,1.0,0.8037974683544303,0.747440413496875
AVRO,7,0.8682586094866797,0.044340505144995324,0.055487053020961775,NB,No sampling,True,15324.0,279.0,432.0,0.0,0.9821188233032109,1.0,0.8037974683544303,0.747440413496875
AVRO,7,0.8682586094866797,0.044340505144995324,0.055487053020961775,RF,Under sampling,True,5108.0,93.0,144.0,0.0,0.9821188233032109,1.0,0.8037974683544303,0.747440413496875
AVRO,7,0.8682586094866797,0.044340505144995324,0.055487053020961775,IBk,Under sampling,True,10216.0,186.0,288.0,0.0,0.9821188233032109,1.0,0.8037974683544303,0.747440413496875
AVRO,7,0.8682586094866797,0.044340505144995324,0.055487053020961775,NB,Under sampling,True,15324.0,279.0,432.0,0.0,0.9821188233032109,1.0,0.8037974683544303,0.747440413496875
AVRO,7,0.8682586094866797,0.044340505144995324,0.055487053020961775,RF,Over sampling,True,5108.0,93.0,144.0,0.0,0.9821188233032109,1.0,0.8037974683544303,0.747440413496875
AVRO,7,0.8682586094866797,0.044340505144995324,0.055487053020961775,IBk,Over sampling,True,10216.0,186.0,288.0,0.0,0.9821188233032109,1.0,0.8037974683544303,0.747440413496875
AVRO,7,0.8682586094866797,0.044340505144995324,0.055487053020961775,NB,Over sampling,True,15324.0,279.0,432.0,0.0,0.9821188233032109,1.0,0.8037974683544303,0.747440413496875
AVRO,7,0.8682586094866797,0.044340505144995324,0.055487053020961775,RF,Smote,True,5108.0,93.0,144.0,0.0,0.9821188233032109,1.0,0.8037974683544303,0.747440413496875
AVRO,7,0.8682586094866797,0.044340505144995324,0.055487053020961775,IBk,Smote,True,10216.0,186.0,288.0,0.0,0.9821188233032109,1.0,0.8037974683544303,0.747440413496875
AVRO,7,0.8682586094866797,0.044340505144995324,0.055487053020961775,NB,Smote,True,15324.0,279.0,432.0,0.0,0.9821188233032109,1.0,0.8037974683544303,0.747440413496875
AVRO,8,0.8985549554809517,0.04580896686159844,0.031654676258992806,RF,No sampling,False,5866.0,101.0,181.0,8.0,0.9830735713088654,0.9986380660537963,0.8876887449682095,0.7597447795823667
AVRO,8,0.8985549554809517,0.04580896686159844,0.031654676258992806,IBk,No sampling,False,11733.0,235.0,329.0,15.0,0.9803643048128342,0.9987231869254342,0.7635438022346341,0.7147692800398545
AVRO,8,0.8985549554809517,0.04580896686159844,0.031654676258992806,NB,No sampling,False,17280.0,318.0,528.0,342.0,0.9819297647459939,0.9805924412665986,0.796217245904472,0.5966491068811957
AVRO,8,0.8985549554809517,0.04580896686159844,0.031654676258992806,RF,Under sampling,False,5472.0,79.0,203.0,402.0,0.9857683300306251,0.9315628192032687,0.8786752898335495,0.42157685491659547
AVRO,8,0.8985549554809517,0.04580896686159844,0.031654676258992806,IBk,Under sampling,False,11220.0,188.0,376.0,528.0,0.9835203366058906,0.9550561797752809,0.7980657489308577,0.48309869461691307
AVRO,8,0.8985549554809517,0.04580896686159844,0.031654676258992806,NB,Under sampling,False,16537.0,244.0,602.0,1085.0,0.9854597461414695,0.9384292361820452,0.834093652545322,0.44123051453111944
AVRO,8,0.8985549554809517,0.04580896686159844,0.031654676258992806,RF,Over sampling,False,5857.0,101.0,181.0,17.0,0.9830480026854649,0.9971058903643173,0.7736180234088434,0.7445111296816832
AVRO,8,0.8985549554809517,0.04580896686159844,0.031654676258992806,IBk,Over sampling,False,11719.0,232.0,332.0,29.0,0.9805873985440549,0.9975314947225059,0.7113146013083259,0.7073748027572453
AVRO,8,0.8985549554809517,0.04580896686159844,0.031654676258992806,NB,Over sampling,False,17223.0,311.0,535.0,399.0,0.982263031823885,0.977357848144365,0.7495173130084278,0.5809797501731386
AVRO,8,0.8985549554809517,0.04580896686159844,0.031654676258992806,RF,Smote,False,5870.0,100.0,182.0,4.0,0.983249581239531,0.9993190330268982,0.8870195500305469,0.7693803978525302
AVRO,8,0.8985549554809517,0.04580896686159844,0.031654676258992806,IBk,Smote,False,11736.0,233.0,331.0,12.0,0.9805330436962152,0.9989785495403473,0.7652865162502385,0.7201838947391848
AVRO,8,0.8985549554809517,0.04580896686159844,0.031654676258992806,NB,Smote,False,17282.0,314.0,532.0,340.0,0.9821550352352807,0.9807059357621155,0.7986580483293368,0.6007592074730771
AVRO,8,0.8985549554809517,0.04580896686159844,0.031654676258992806,RF,No sampling,True,5874.0,102.0,180.0,0.0,0.9829317269076305,1.0,0.8191489361702128,0.7710482791210517
AVRO,8,0.8985549554809517,0.04580896686159844,0.031654676258992806,IBk,No sampling,True,11748.0,204.0,360.0,0.0,0.9829317269076305,1.0,0.8191489361702128,0.7710482791210517
AVRO,8,0.8985549554809517,0.04580896686159844,0.031654676258992806,NB,No sampling,True,17622.0,306.0,540.0,0.0,0.9829317269076305,1.0,0.8191489361702128,0.7710482791210517
AVRO,8,0.8985549554809517,0.04580896686159844,0.031654676258992806,RF,Under sampling,True,5874.0,102.0,180.0,0.0,0.9829317269076305,1.0,0.8191489361702128,0.7710482791210517
AVRO,8,0.8985549554809517,0.04580896686159844,0.031654676258992806,IBk,Under sampling,True,11748.0,204.0,360.0,0.0,0.9829317269076305,1.0,0.8191489361702128,0.7710482791210517
AVRO,8,0.8985549554809517,0.04580896686159844,0.031654676258992806,NB,Under sampling,True,17622.0,306.0,540.0,0.0,0.9829317269076305,1.0,0.8191489361702128,0.7710482791210517
AVRO,8,0.8985549554809517,0.04580896686159844,0.031654676258992806,RF,Over sampling,True,5874.0,102.0,180.0,0.0,0.9829317269076305,1.0,0.8191489361702128,0.7710482791210517
AVRO,8,0.8985549554809517,0.04580896686159844,0.031654676258992806,IBk,Over sampling,True,11748.0,204.0,360.0,0.0,0.9829317269076305,1.0,0.8191489361702128,0.7710482791210517
AVRO,8,0.8985549554809517,0.04580896686159844,0.031654676258992806,NB,Over sampling,True,17622.0,306.0,540.0,0.0,0.9829317269076305,1.0,0.8191489361702128,0.7710482791210517
AVRO,8,0.8985549554809517,0.04580896686159844,0.031654676258992806,RF,Smote,True,5874.0,102.0,180.0,0.0,0.9829317269076305,1.0,0.8191489361702128,0.7710482791210517
AVRO,8,0.8985549554809517,0.04580896686159844,0.031654676258992806,IBk,Smote,True,11748.0,204.0,360.0,0.0,0.9829317269076305,1.0,0.8191489361702128,0.7710482791210517
AVRO,8,0.8985549554809517,0.04580896686159844,0.031654676258992806,NB,Smote,True,17622.0,306.0,540.0,0.0,0.9829317269076305,1.0,0.8191489361702128,0.7710482791210517
AVRO,9,0.8979030144167759,0.04437308422128156,0.07958921694480103,RF,No sampling,False,6547.0,113.0,191.0,0.0,0.983033033033033,1.0,0.8393684733063758,0.7636227957657692
AVRO,9,0.8979030144167759,0.04437308422128156,0.07958921694480103,IBk,No sampling,False,13092.0,246.0,362.0,2.0,0.9815564552406658,0.999847258286238,0.8482166902478435,0.7360849723355267
AVRO,9,0.8979030144167759,0.04437308422128156,0.07958921694480103,NB,No sampling,False,19580.0,406.0,506.0,61.0,0.9796857800460322,0.9968942518201721,0.8528228075534797,0.6731250535738381
AVRO,9,0.8979030144167759,0.04437308422128156,0.07958921694480103,RF,Under sampling,False,6543.0,113.0,191.0,4.0,0.9830228365384616,0.9993890331449519,0.8832121280940246,0.7571074598291135
AVRO,9,0.8979030144167759,0.04437308422128156,0.07958921694480103,IBk,Under sampling,False,13073.0,228.0,380.0,21.0,0.9828584316968649,0.9983962120054987,0.8806018274742148,0.7441989632097051
AVRO,9,0.8979030144167759,0.04437308422128156,0.07958921694480103,NB,Under sampling,False,19509.0,357.0,555.0,132.0,0.9820295983086681,0.9932793645944707,0.8765119531556349,0.6820611038019839
AVRO,9,0.8979030144167759,0.04437308422128156,0.07958921694480103,RF,Over sampling,False,6546.0,113.0,191.0,1.0,0.9830304850578165,0.999847258286238,0.8501586202599825,0.7619846648950441
AVRO,9,0.8979030144167759,0.04437308422128156,0.07958921694480103,IBk,Over sampling,False,13090.0,245.0,363.0,4.0,0.9816272965879265,0.999694516572476,0.8563756853279525,0.735789439284428
AVRO,9,0.8979030144167759,0.04437308422128156,0.07958921694480103,NB,Over sampling,False,19535.0,373.0,539.0,106.0,0.9812638135422945,0.9946031261137417,0.8585188843691633,0.6806152928603216
AVRO,9,0.8979030144167759,0.04437308422128156,0.07958921694480103,RF,Smote,False,6547.0,113.0,191.0,0.0,0.983033033033033,1.0,0.8442426422708673,0.7636227957657692
AVRO,9,0.8979030144167759,0.04437308422128156,0.07958921694480103,IBk,Smote,False,13092.0,245.0,363.0,2.0,0.9816300517357727,0.999847258286238,0.8519525817369145,0.7374037938251448
AVRO,9,0.8979030144167759,0.04437308422128156,0.07958921694480103,NB,Smote,False,19586.0,347.0,565.0,55.0,0.9825916821351528,0.9971997352476961,0.8560337889681181,0.727822506525495
AVRO,9,0.8979030144167759,0.04437308422128156,0.07958921694480103,RF,No sampling,True,6547.0,113.0,191.0,0.0,0.983033033033033,1.0,0.8141447368421053,0.7636227957657692
AVRO,9,0.8979030144167759,0.04437308422128156,0.07958921694480103,IBk,No sampling,True,13094.0,226.0,382.0,0.0,0.983033033033033,1.0,0.8307170243703423,0.7636227957657692
AVRO,9,0.8979030144167759,0.04437308422128156,0.07958921694480103,NB,No sampling,True,19641.0,339.0,573.0,0.0,0.983033033033033,1.0,0.8247259804722845,0.7636227957657692
AVRO,9,0.8979030144167759,0.04437308422128156,0.07958921694480103,RF,Under sampling,True,6546.0,113.0,191.0,1.0,0.9830304850578165,0.999847258286238,0.8188792275288802,0.7619846648950441
AVRO,9,0.8979030144167759,0.04437308422128156,0.07958921694480103,IBk,Under sampling,True,13092.0,226.0,382.0,2.0,0.9830304850578165,0.999847258286238,0.8341498818261478,0.7619846648950441
AVRO,9,0.8979030144167759,0.04437308422128156,0.07958921694480103,NB,Under sampling,True,19639.0,339.0,573.0,2.0,0.9830313344679147,0.9998981721908253,0.8256438822477506,0.7625300154901927
AVRO,9,0.8979030144167759,0.04437308422128156,0.07958921694480103,RF,Over sampling,True,6547.0,113.0,191.0,0.0,0.983033033033033,1.0,0.8141163489906988,0.7636227957657692
AVRO,9,0.8979030144167759,0.04437308422128156,0.07958921694480103,IBk,Over sampling,True,13094.0,226.0,382.0,0.0,0.983033033033033,1.0,0.8307196621795438,0.7636227957657692
AVRO,9,0.8979030144167759,0.04437308422128156,0.07958921694480103,NB,Over sampling,True,19641.0,339.0,573.0,0.0,0.983033033033033,1.0,0.8234348496298023,0.7636227957657692
AVRO,9,0.8979030144167759,0.04437308422128156,0.07958921694480103,RF,Smote,True,6547.0,113.0,191.0,0.0,0.983033033033033,1.0,0.8141447368421053,0.7636227957657692
AVRO,9,0.8979030144167759,0.04437308422128156,0.07958921694480103,IBk,Smote,True,13094.0,226.0,382.0,0.0,0.983033033033033,1.0,0.8307170243703423,0.7636227957657692
AVRO,9,0.8979030144167759,0.04437308422128156,0.07958921694480103,NB,Smote,True,19641.0,339.0,573.0,0.0,0.983033033033033,1.0,0.8247263712588329,0.7636227957657692
AVRO,10,0.9200530567948872,0.047968545216251636,0.021116138763197588,RF,No sampling,False,7264.0,114.0,252.0,0.0,0.9845486581729466,1.0,0.8127614134228834,0.808023878826082
AVRO,10,0.9200530567948872,0.047968545216251636,0.021116138763197588,IBk,No sampling,False,14528.0,297.0,435.0,0.0,0.9799662731871838,1.0,0.717723153029537,0.7360627269010774
AVRO,10,0.9200530567948872,0.047968545216251636,0.021116138763197588,NB,No sampling,False,21079.0,372.0,726.0,713.0,0.9826581511351452,0.9672815712187959,0.7902441471812319,0.5477181388379192
AVRO,10,0.9200530567948872,0.047968545216251636,0.021116138763197588,RF,Under sampling,False,6360.0,63.0,303.0,904.0,0.9901914992993928,0.8755506607929515,0.8942966361546424,0.3364003631436203
AVRO,10,0.9200530567948872,0.047968545216251636,0.021116138763197588,IBk,Under sampling,False,13053.0,147.0,585.0,1475.0,0.9888636363636364,0.8984719162995595,0.8821481055613731,0.37479994988643617
AVRO,10,0.9200530567948872,0.047968545216251636,0.021116138763197588,NB,Under sampling,False,19466.0,211.0,887.0,2326.0,0.9892768206535549,0.8932635829662261,0.8741765790624524,0.36618640101471434
AVRO,10,0.9200530567948872,0.047968545216251636,0.021116138763197588,RF,Over sampling,False,7264.0,114.0,252.0,0.0,0.9845486581729466,1.0,0.7953881406321466,0.808023878826082
AVRO,10,0.9200530567948872,0.047968545216251636,0.021116138763197588,IBk,Over sampling,False,14528.0,287.0,445.0,0.0,0.9806277421532231,1.0,0.7202368123510507,0.746982299934025
AVRO,10,0.9200530567948872,0.047968545216251636,0.021116138763197588,NB,Over sampling,False,20944.0,352.0,746.0,848.0,0.9834710743801653,0.9610866372980911,0.7884499650947256,0.5273871799488287
AVRO,10,0.9200530567948872,0.047968545216251636,0.021116138763197588,RF,Smote,False,7264.0,114.0,252.0,0.0,0.9845486581729466,1.0,0.8425087564093305,0.808023878826082
AVRO,10,0.9200530567948872,0.047968545216251636,0.021116138763197588,IBk,Smote,False,14528.0,292.0,440.0,0.0,0.9802968960863697,1.0,0.7380211530475915,0.7415443581879012
AVRO,10,0.9200530567948872,0.047968545216251636,0.021116138763197588,NB,Smote,False,21016.0,357.0,741.0,776.0,0.9832966827305479,0.9643906020558003,0.803835889877203,0.5411958790375077
AVRO,10,0.9200530567948872,0.047968545216251636,0.021116138763197588,RF,No sampling,True,7264.0,114.0,252.0,0.0,0.9845486581729466,1.0,0.8442622950819673,0.808023878826082
AVRO,10,0.9200530567948872,0.047968545216251636,0.021116138763197588,IBk,No sampling,True,14528.0,228.0,504.0,0.0,0.9845486581729466,1.0,0.8442622950819673,0.808023878826082
AVRO,10,0.9200530567948872,0.047968545216251636,0.021116138763197588,NB,No sampling,True,21792.0,342.0,756.0,0.0,0.9845486581729466,1.0,0.8442622950819673,0.808023878826082
AVRO,10,0.9200530567948872,0.047968545216251636,0.021116138763197588,RF,Under sampling,True,7264.0,114.0,252.0,0.0,0.9845486581729466,1.0,0.8442622950819673,0.808023878826082
AVRO,10,0.9200530567948872,0.047968545216251636,0.021116138763197588,IBk,Under sampling,True,14528.0,228.0,504.0,0.0,0.9845486581729466,1.0,0.8442622950819673,0.808023878826082
AVRO,10,0.9200530567948872,0.047968545216251636,0.021116138763197588,NB,Under sampling,True,21792.0,342.0,756.0,0.0,0.9845486581729466,1.0,0.8442622950819673,0.808023878826082
AVRO,10,0.9200530567948872,0.047968545216251636,0.021116138763197588,RF,Over sampling,True,7264.0,114.0,252.0,0.0,0.9845486581729466,1.0,0.8442622950819673,0.808023878826082
AVRO,10,0.9200530567948872,0.047968545216251636,0.021116138763197588,IBk,Over sampling,True,14528.0,228.0,504.0,0.0,0.9845486581729466,1.0,0.8442622950819673,0.808023878826082
AVRO,10,0.9200530567948872,0.047968545216251636,0.021116138763197588,NB,Over sampling,True,21792.0,342.0,756.0,0.0,0.9845486581729466,1.0,0.8442622950819673,0.808023878826082
AVRO,10,0.9200530567948872,0.047968545216251636,0.021116138763197588,RF,Smote,True,7264.0,114.0,252.0,0.0,0.9845486581729466,1.0,0.8442622950819673,0.808023878826082
AVRO,10,0.9200530567948872,0.047968545216251636,0.021116138763197588,IBk,Smote,True,14528.0,228.0,504.0,0.0,0.9845486581729466,1.0,0.8442622950819673,0.808023878826082
AVRO,10,0.9200530567948872,0.047968545216251636,0.021116138763197588,NB,Smote,True,21792.0,342.0,756.0,0.0,0.9845486581729466,1.0,0.8442622950819673,0.808023878826082
AVRO,11,0.9257646796159857,0.04582177740262872,0.0406015037593985,RF,No sampling,False,7913.0,117.0,263.0,0.0,0.9854296388542964,1.0,0.8915009943663658,0.8109542312459054
AVRO,11,0.9257646796159857,0.04582177740262872,0.0406015037593985,IBk,No sampling,False,15803.0,286.0,474.0,23.0,0.9822238796693393,0.9985466953115127,0.8873713393017486,0.7449344209736624
AVRO,11,0.9257646796159857,0.04582177740262872,0.0406015037593985,NB,No sampling,False,23018.0,431.0,709.0,721.0,0.9816196852744253,0.9696280382492944,0.8599831463954127,0.5276655389220222
AVRO,11,0.9257646796159857,0.04582177740262872,0.0406015037593985,RF,Under sampling,False,7446.0,80.0,300.0,467.0,0.989370183364337,0.9409831922153419,0.8971055292090963,0.4919706252027772
AVRO,11,0.9257646796159857,0.04582177740262872,0.0406015037593985,IBk,Under sampling,False,15214.0,215.0,545.0,612.0,0.98606520189254,0.961329457854164,0.8853637751335245,0.5433382510914472
AVRO,11,0.9257646796159857,0.04582177740262872,0.0406015037593985,NB,Under sampling,False,22378.0,331.0,809.0,1361.0,0.9854242811220221,0.9426681831585155,0.862631224212433,0.45614676850914093
AVRO,11,0.9257646796159857,0.04582177740262872,0.0406015037593985,RF,Over sampling,False,7913.0,117.0,263.0,0.0,0.9854296388542964,1.0,0.8873284801159983,0.8109542312459054
AVRO,11,0.9257646796159857,0.04582177740262872,0.0406015037593985,IBk,Over sampling,False,15792.0,284.0,476.0,34.0,0.9823339139089325,0.9978516365474536,0.8830320857749073,0.7400392921885824
AVRO,11,0.9257646796159857,0.04582177740262872,0.0406015037593985,NB,Over sampling,False,22968.0,421.0,719.0,771.0,0.9820000855102826,0.9675217995703274,0.8653019163815854,0.521947713992375
AVRO,11,0.9257646796159857,0.04582177740262872,0.0406015037593985,RF,Smote,False,7913.0,117.0,263.0,0.0,0.9854296388542964,1.0,0.8876861527000871,0.8109542312459054
AVRO,11,0.9257646796159857,0.04582177740262872,0.0406015037593985,IBk,Smote,False,15801.0,285.0,475.0,25.0,0.9822827303245057,0.9984203209907747,0.8845987947880569,0.7446832810616156
AVRO,11,0.9257646796159857,0.04582177740262872,0.0406015037593985,NB,Smote,False,23005.0,367.0,773.0,734.0,0.9842974499400993,0.969080416192763,0.8693989755550678,0.5611610664506542
AVRO,11,0.9257646796159857,0.04582177740262872,0.0406015037593985,RF,No sampling,True,7913.0,117.0,263.0,0.0,0.9854296388542964,1.0,0.8460526315789474,0.8109542312459054
AVRO,11,0.9257646796159857,0.04582177740262872,0.0406015037593985,IBk,No sampling,True,15826.0,262.0,498.0,0.0,0.9837145698657385,1.0,0.8571657149793478,0.7838928422733219
AVRO,11,0.9257646796159857,0.04582177740262872,0.0406015037593985,NB,No sampling,True,23706.0,378.0,762.0,33.0,0.984304932735426,0.9986098824718818,0.8511862557949277,0.7792865975015462
AVRO,11,0.9257646796159857,0.04582177740262872,0.0406015037593985,RF,Under sampling,True,7913.0,117.0,263.0,0.0,0.9854296388542964,1.0,0.8460526315789474,0.8109542312459054
AVRO,11,0.9257646796159857,0.04582177740262872,0.0406015037593985,IBk,Under sampling,True,15795.0,253.0,507.0,31.0,0.9842347956131605,0.9980411980285606,0.8505146427930055,0.7725626951028809
AVRO,11,0.9257646796159857,0.04582177740262872,0.0406015037593985,NB,Under sampling,True,23653.0,369.0,771.0,86.0,0.984639080842561,0.9963772694721766,0.8573134519182661,0.7628307858784653
AVRO,11,0.9257646796159857,0.04582177740262872,0.0406015037593985,RF,Over sampling,True,7913.0,117.0,263.0,0.0,0.9854296388542964,1.0,0.8460526315789474,0.8109542312459054
AVRO,11,0.9257646796159857,0.04582177740262872,0.0406015037593985,IBk,Over sampling,True,15826.0,262.0,498.0,0.0,0.9837145698657385,1.0,0.8571689574783667,0.7838928422733219
AVRO,11,0.9257646796159857,0.04582177740262872,0.0406015037593985,NB,Over sampling,True,23684.0,378.0,762.0,55.0,0.9842905826614579,0.9976831374531362,0.8481808379578205,0.7699411621156467
AVRO,11,0.9257646796159857,0.04582177740262872,0.0406015037593985,RF,Smote,True,7913.0,117.0,263.0,0.0,0.9854296388542964,1.0,0.8460526315789474,0.8109542312459054
AVRO,11,0.9257646796159857,0.04582177740262872,0.0406015037593985,IBk,Smote,True,15826.0,262.0,498.0,0.0,0.9837145698657385,1.0,0.8571657149793478,0.7838928422733219
AVRO,11,0.9257646796159857,0.04582177740262872,0.0406015037593985,NB,Smote,True,23711.0,378.0,762.0,28.0,0.9843081904603761,0.9988205063397784,0.8515351708602987,0.781438602435948
AVRO,12,0.9309914778632301,0.0454342487162313,0.0015060240963855422,RF,No sampling,False,8551.0,352.0,55.0,0.0,0.960462765359991,1.0,0.8607946194778144,0.2297630627193233
AVRO,12,0.9309914778632301,0.0454342487162313,0.0015060240963855422,IBk,No sampling,False,17102.0,585.0,229.0,0.0,0.9669248600667156,1.0,0.8655501590830792,0.4276999751441222
AVRO,12,0.9309914778632301,0.0454342487162313,0.0015060240963855422,NB,No sampling,False,25653.0,959.0,262.0,0.0,0.9639636254321359,1.0,0.694820829483442,0.3427871713657386
AVRO,12,0.9309914778632301,0.0454342487162313,0.0015060240963855422,RF,Under sampling,False,8551.0,117.0,290.0,0.0,0.9865020766035995,1.0,0.9027485613849782,0.8255418992999949
AVRO,12,0.9309914778632301,0.0454342487162313,0.0015060240963855422,IBk,Under sampling,False,17075.0,226.0,588.0,27.0,0.9869371712617768,0.9984212372821892,0.8930815310478508,0.8157475237334285
AVRO,12,0.9309914778632301,0.0454342487162313,0.0015060240963855422,NB,Under sampling,False,25352.0,326.0,895.0,301.0,0.9873043071890334,0.9882664795540482,0.8879562630001175,0.7283740325802254
AVRO,12,0.9309914778632301,0.0454342487162313,0.0015060240963855422,RF,Over sampling,False,8551.0,117.0,290.0,0.0,0.9865020766035995,1.0,0.8611267788556994,0.8255418992999949
AVRO,12,0.9309914778632301,0.0454342487162313,0.0015060240963855422,IBk,Over sampling,False,17102.0,342.0,472.0,0.0,0.9803944049529925,1.0,0.865309336350735,0.724883573490137
AVRO,12,0.9309914778632301,0.0454342487162313,0.0015060240963855422,NB,Over sampling,False,25620.0,691.0,530.0,33.0,0.9737372201740717,0.9987136007484505,0.6744916794618584,0.5821890265860714
AVRO,12,0.9309914778632301,0.0454342487162313,0.0015060240963855422,RF,Smote,False,0.0,0.0,0.0,0.0,0.0,0.0,NaN,1.0
AVRO,12,0.9309914778632301,0.0454342487162313,0.0015060240963855422,IBk,Smote,False,0.0,0.0,0.0,0.0,0.0,0.0,NaN,1.0
AVRO,12,0.9309914778632301,0.0454342487162313,0.0015060240963855422,NB,Smote,False,0.0,0.0,0.0,0.0,0.0,0.0,NaN,1.0
AVRO,12,0.9309914778632301,0.0454342487162313,0.0015060240963855422,RF,No sampling,True,8551.0,117.0,290.0,0.0,0.9865020766035995,1.0,0.8562653562653563,0.8255418992999949
AVRO,12,0.9309914778632301,0.0454342487162313,0.0015060240963855422,IBk,No sampling,True,17102.0,234.0,580.0,0.0,0.9865020766035995,1.0,0.8562653562653563,0.8255418992999949
AVRO,12,0.9309914778632301,0.0454342487162313,0.0015060240963855422,NB,No sampling,True,25653.0,389.0,832.0,0.0,0.9850625911988327,1.0,0.8562653562653563,0.803276772789336
AVRO,12,0.9309914778632301,0.0454342487162313,0.0015060240963855422,RF,Under sampling,True,8551.0,117.0,290.0,0.0,0.9865020766035995,1.0,0.8562653562653563,0.8255418992999949
AVRO,12,0.9309914778632301,0.0454342487162313,0.0015060240963855422,IBk,Under sampling,True,17102.0,234.0,580.0,0.0,0.9865020766035995,1.0,0.8562653562653563,0.8255418992999949
AVRO,12,0.9309914778632301,0.0454342487162313,0.0015060240963855422,NB,Under sampling,True,25653.0,351.0,870.0,0.0,0.9865020766035995,1.0,0.8562653562653563,0.8255418992999949
AVRO,12,0.9309914778632301,0.0454342487162313,0.0015060240963855422,RF,Over sampling,True,8551.0,117.0,290.0,0.0,0.9865020766035995,1.0,0.8562653562653563,0.8255418992999949
AVRO,12,0.9309914778632301,0.0454342487162313,0.0015060240963855422,IBk,Over sampling,True,17102.0,234.0,580.0,0.0,0.9865020766035995,1.0,0.8562653562653563,0.8255418992999949
AVRO,12,0.9309914778632301,0.0454342487162313,0.0015060240963855422,NB,Over sampling,True,25653.0,351.0,870.0,0.0,0.9865020766035995,1.0,0.8562653562653563,0.8255418992999949
AVRO,12,0.9309914778632301,0.0454342487162313,0.0015060240963855422,RF,Smote,True,0.0,0.0,0.0,0.0,0.0,0.0,NaN,1.0
AVRO,12,0.9309914778632301,0.0454342487162313,0.0015060240963855422,IBk,Smote,True,0.0,0.0,0.0,0.0,0.0,0.0,NaN,1.0
AVRO,12,0.9309914778632301,0.0454342487162313,0.0015060240963855422,NB,Smote,True,0.0,0.0,0.0,0.0,0.0,0.0,NaN,1.0
AVRO,13,0.9359011769283143,0.04240282685512368,0.004552352048558422,RF,No sampling,False,8373.0,132.0,276.0,841.0,0.9844797178130511,0.908725851964402,0.8896058640517202,0.3197098577700253
AVRO,13,0.9359011769283143,0.04240282685512368,0.004552352048558422,IBk,No sampling,False,17581.0,272.0,544.0,847.0,0.9847644653559626,0.9540373344909919,0.8795121288150598,0.46434606400235473
AVRO,13,0.9359011769283143,0.04240282685512368,0.004552352048558422,NB,No sampling,False,26018.0,379.0,845.0,1624.0,0.9856423078380119,0.9412488242529484,0.8698129841015827,0.42502254370029124
AVRO,13,0.9359011769283143,0.04240282685512368,0.004552352048558422,RF,Under sampling,False,8373.0,129.0,279.0,841.0,0.9848270995059986,0.908725851964402,0.889593893776308,0.32310674057562183
AVRO,13,0.9359011769283143,0.04240282685512368,0.004552352048558422,IBk,Under sampling,False,17581.0,269.0,547.0,847.0,0.9849299719887955,0.9540373344909919,0.8795913321373698,0.4664833252811778
AVRO,13,0.9359011769283143,0.04240282685512368,0.004552352048558422,NB,Under sampling,False,25972.0,348.0,876.0,1670.0,0.9867781155015197,0.9395846899645467,0.8694725701582275,0.43220263152138666
AVRO,13,0.9359011769283143,0.04240282685512368,0.004552352048558422,RF,Over sampling,False,8373.0,73.0,335.0,841.0,0.9913568553161259,0.908725851964402,0.8900019471648004,0.3842084714127907
AVRO,13,0.9359011769283143,0.04240282685512368,0.004552352048558422,IBk,Over sampling,False,17581.0,213.0,603.0,847.0,0.9880296729234573,0.9540373344909919,0.879709305851709,0.5053736491678181
AVRO,13,0.9359011769283143,0.04240282685512368,0.004552352048558422,NB,Over sampling,False,25972.0,292.0,932.0,1670.0,0.988882120012184,0.9395846899645467,0.8748304949889176,0.4558065685918986
AVRO,13,0.9359011769283143,0.04240282685512368,0.004552352048558422,RF,Smote,False,8263.0,74.0,334.0,951.0,0.9911239054815881,0.8967874972867376,0.8894477234132203,0.35291414498560036
AVRO,13,0.9359011769283143,0.04240282685512368,0.004552352048558422,IBk,Smote,False,16474.0,140.0,676.0,1954.0,0.991573371855062,0.893965704362926,0.8846862471111735,0.3502869209229712
AVRO,13,0.9359011769283143,0.04240282685512368,0.004552352048558422,NB,Smote,False,24862.0,209.0,1015.0,2780.0,0.9916636751625384,0.8994284060487664,0.8831065956276634,0.3636583848455235
AVRO,13,0.9359011769283143,0.04240282685512368,0.004552352048558422,RF,No sampling,True,8373.0,132.0,276.0,841.0,0.9844797178130511,0.908725851964402,0.7925947620202846,0.3197098577700253
AVRO,13,0.9359011769283143,0.04240282685512368,0.004552352048558422,IBk,No sampling,True,16752.0,266.0,550.0,1676.0,0.984369491127042,0.9090514434556111,0.7925856513106654,0.3193661125848643
AVRO,13,0.9359011769283143,0.04240282685512368,0.004552352048558422,NB,No sampling,True,25400.0,507.0,717.0,2242.0,0.9804299996140039,0.918891541856595,0.8025537356007931,0.3008753806930976
AVRO,13,0.9359011769283143,0.04240282685512368,0.004552352048558422,RF,Under sampling,True,8373.0,132.0,276.0,841.0,0.9844797178130511,0.908725851964402,0.7925947620202846,0.3197098577700253
AVRO,13,0.9359011769283143,0.04240282685512368,0.004552352048558422,IBk,Under sampling,True,16752.0,266.0,550.0,1676.0,0.984369491127042,0.9090514434556111,0.7925674298914269,0.3193661125848643
AVRO,13,0.9359011769283143,0.04240282685512368,0.004552352048558422,NB,Under sampling,True,25090.0,377.0,847.0,2552.0,0.9851965288412455,0.9076767238260618,0.8039480214582999,0.3242971371928531
AVRO,13,0.9359011769283143,0.04240282685512368,0.004552352048558422,RF,Over sampling,True,8373.0,132.0,276.0,841.0,0.9844797178130511,0.908725851964402,0.792598220099848,0.3197098577700253
AVRO,13,0.9359011769283143,0.04240282685512368,0.004552352048558422,IBk,Over sampling,True,16752.0,266.0,550.0,1676.0,0.984369491127042,0.9090514434556111,0.7931836995705597,0.3193661125848643
AVRO,13,0.9359011769283143,0.04240282685512368,0.004552352048558422,NB,Over sampling,True,25090.0,377.0,847.0,2552.0,0.9851965288412455,0.9076767238260618,0.8039892819631772,0.3242971371928531
AVRO,13,0.9359011769283143,0.04240282685512368,0.004552352048558422,RF,Smote,True,8263.0,74.0,334.0,951.0,0.9911239054815881,0.8967874972867376,0.8552543656924458,0.35291414498560036
AVRO,13,0.9359011769283143,0.04240282685512368,0.004552352048558422,IBk,Smote,True,16526.0,148.0,668.0,1902.0,0.9911239054815881,0.8967874972867376,0.8558761549985742,0.35291414498560036
AVRO,13,0.9359011769283143,0.04240282685512368,0.004552352048558422,NB,Smote,True,25222.0,403.0,821.0,2420.0,0.9842731707317073,0.9124520656971276,0.8491682934418733,0.3262762784288558
AVRO,14,0.939247213594007,0.03997665596731836,0.042105263157894736,RF,No sampling,False,9870.0,118.0,293.0,0.0,0.9881858229875851,1.0,0.892247884296339,0.8266168623082709
AVRO,14,0.939247213594007,0.03997665596731836,0.042105263157894736,IBk,No sampling,False,19737.0,244.0,578.0,3.0,0.98778839897903,0.9998480243161094,0.8948969819330124,0.8179200742027064
AVRO,14,0.939247213594007,0.03997665596731836,0.042105263157894736,NB,No sampling,False,29300.0,373.0,860.0,310.0,0.987429649850032,0.9895305639986491,0.8924611871058007,0.7042591819749598
AVRO,14,0.939247213594007,0.03997665596731836,0.042105263157894736,RF,Under sampling,False,9538.0,105.0,306.0,332.0,0.9891112724255937,0.9663627152988855,0.9047027414786384,0.5621197674578403
AVRO,14,0.939247213594007,0.03997665596731836,0.042105263157894736,IBk,Under sampling,False,19155.0,201.0,621.0,585.0,0.9896156230626162,0.9703647416413373,0.9000490562223751,0.5930784625815317
AVRO,14,0.939247213594007,0.03997665596731836,0.042105263157894736,NB,Under sampling,False,28163.0,274.0,959.0,1447.0,0.9903646657523649,0.9511313745356299,0.8876337097049423,0.500672008360588
AVRO,14,0.939247213594007,0.03997665596731836,0.042105263157894736,RF,Over sampling,False,9870.0,118.0,293.0,0.0,0.9881858229875851,1.0,0.884706044761954,0.8266168623082709
AVRO,14,0.939247213594007,0.03997665596731836,0.042105263157894736,IBk,Over sampling,False,19708.0,236.0,586.0,32.0,0.9881668672282391,0.9983789260385005,0.8886545160073658,0.807275889362567
AVRO,14,0.939247213594007,0.03997665596731836,0.042105263157894736,NB,Over sampling,False,29264.0,331.0,902.0,346.0,0.9888156783240413,0.9883147585275245,0.8885899910515535,0.7156917492756205
AVRO,14,0.939247213594007,0.03997665596731836,0.042105263157894736,RF,Smote,False,9870.0,118.0,293.0,0.0,0.9881858229875851,1.0,0.8786549967090423,0.8266168623082709
AVRO,14,0.939247213594007,0.03997665596731836,0.042105263157894736,IBk,Smote,False,19733.0,242.0,580.0,7.0,0.9878848560700876,0.999645390070922,0.884437807063603,0.8171896640926516
AVRO,14,0.939247213594007,0.03997665596731836,0.042105263157894736,NB,Smote,False,29342.0,336.0,897.0,268.0,0.9886784823775187,0.9909490037149612,0.8855837430253748,0.7379444002179595
AVRO,14,0.939247213594007,0.03997665596731836,0.042105263157894736,RF,No sampling,True,9870.0,118.0,293.0,0.0,0.9881858229875851,1.0,0.8564476885644768,0.8266168623082709
AVRO,14,0.939247213594007,0.03997665596731836,0.042105263157894736,IBk,No sampling,True,19740.0,239.0,583.0,0.0,0.9880374393112769,1.0,0.8684681886421287,0.8240560595446845
AVRO,14,0.939247213594007,0.03997665596731836,0.042105263157894736,NB,No sampling,True,29610.0,395.0,838.0,0.0,0.986835527412098,1.0,0.8780592964006537,0.8028941254756857
AVRO,14,0.939247213594007,0.03997665596731836,0.042105263157894736,RF,Under sampling,True,9870.0,118.0,293.0,0.0,0.9881858229875851,1.0,0.8564476885644768,0.8266168623082709
AVRO,14,0.939247213594007,0.03997665596731836,0.042105263157894736,IBk,Under sampling,True,19740.0,236.0,586.0,0.0,0.9881858229875851,1.0,0.867011724190634,0.8266168623082709
AVRO,14,0.939247213594007,0.03997665596731836,0.042105263157894736,NB,Under sampling,True,29455.0,334.0,899.0,155.0,0.9887878075799792,0.9947652819993246,0.8762803989029594,0.7780026714346068
AVRO,14,0.939247213594007,0.03997665596731836,0.042105263157894736,RF,Over sampling,True,9870.0,118.0,293.0,0.0,0.9881858229875851,1.0,0.8564476885644768,0.8266168623082709
AVRO,14,0.939247213594007,0.03997665596731836,0.042105263157894736,IBk,Over sampling,True,19740.0,239.0,583.0,0.0,0.9880374393112769,1.0,0.8684747828830761,0.8240560595446845
AVRO,14,0.939247213594007,0.03997665596731836,0.042105263157894736,NB,Over sampling,True,29610.0,358.0,875.0,0.0,0.9880539241857982,1.0,0.8652440499129944,0.8243411069809337
AVRO,14,0.939247213594007,0.03997665596731836,0.042105263157894736,RF,Smote,True,9870.0,118.0,293.0,0.0,0.9881858229875851,1.0,0.8564476885644768,0.8266168623082709
AVRO,14,0.939247213594007,0.03997665596731836,0.042105263157894736,IBk,Smote,True,19740.0,239.0,583.0,0.0,0.9880374393112769,1.0,0.8684681886421287,0.8240560595446845
AVRO,14,0.939247213594007,0.03997665596731836,0.042105263157894736,NB,Smote,True,29610.0,396.0,837.0,0.0,0.9868026394721056,1.0,0.8690026850817864,0.8023043601388697
BOOKKEEPER,1,0.513496005182466,0.052565180824222034,0.07501109631602308,RF,No sampling,False,2253.0,55.0,70.0,0.0,0.9761698440207972,1.0,0.9265530403905903,0.7068868918222359
BOOKKEEPER,1,0.513496005182466,0.052565180824222034,0.07501109631602308,IBk,No sampling,False,4323.0,73.0,177.0,183.0,0.9833939945404914,0.9593874833555259,0.9049312028406569,0.5525672874803398
BOOKKEEPER,1,0.513496005182466,0.052565180824222034,0.07501109631602308,NB,No sampling,False,6399.0,90.0,285.0,360.0,0.986130374479889,0.9467376830892144,0.9115443112886522,0.5274056997495924
BOOKKEEPER,1,0.513496005182466,0.052565180824222034,0.07501109631602308,RF,Under sampling,False,2063.0,14.0,111.0,190.0,0.9932595089070775,0.9156679982245894,0.9246284953395473,0.4827005965164465
BOOKKEEPER,1,0.513496005182466,0.052565180824222034,0.07501109631602308,IBk,Under sampling,False,4126.0,28.0,222.0,380.0,0.9932595089070775,0.9156679982245894,0.9181584553928096,0.4827005965164465
BOOKKEEPER,1,0.513496005182466,0.052565180824222034,0.07501109631602308,NB,Under sampling,False,6189.0,42.0,333.0,570.0,0.9932595089070775,0.9156679982245894,0.9156180894609657,0.4827005965164465
BOOKKEEPER,1,0.513496005182466,0.052565180824222034,0.07501109631602308,RF,Over sampling,False,2212.0,51.0,74.0,41.0,0.9774635439681838,0.9818020417221482,0.9266364846870839,0.596331900289684
BOOKKEEPER,1,0.513496005182466,0.052565180824222034,0.07501109631602308,IBk,Over sampling,False,4282.0,66.0,184.0,224.0,0.984820607175713,0.9502885042166,0.9150940967598757,0.5285371676406481
BOOKKEEPER,1,0.513496005182466,0.052565180824222034,0.07501109631602308,NB,Over sampling,False,6350.0,80.0,295.0,409.0,0.9875583203732504,0.9394880899541352,0.9163166148838585,0.5134271351232829
BOOKKEEPER,1,0.513496005182466,0.052565180824222034,0.07501109631602308,RF,Smote,False,2244.0,54.0,71.0,9.0,0.9765013054830287,0.996005326231691,0.9246906347092765,0.6795353911313611
BOOKKEEPER,1,0.513496005182466,0.052565180824222034,0.07501109631602308,IBk,Smote,False,4314.0,72.0,178.0,192.0,0.9835841313269493,0.9573901464713716,0.9044656014203285,0.545690590942642
BOOKKEEPER,1,0.513496005182466,0.052565180824222034,0.07501109631602308,NB,Smote,False,6381.0,86.0,289.0,378.0,0.9867017164063708,0.9440745672436751,0.9110294422251812,0.5225738449569604
BOOKKEEPER,1,0.513496005182466,0.052565180824222034,0.07501109631602308,RF,No sampling,True,2253.0,55.0,70.0,0.0,0.9761698440207972,1.0,0.78,0.7068868918222359
BOOKKEEPER,1,0.513496005182466,0.052565180824222034,0.07501109631602308,IBk,No sampling,True,4506.0,110.0,140.0,0.0,0.9761698440207972,1.0,0.78,0.7068868918222359
BOOKKEEPER,1,0.513496005182466,0.052565180824222034,0.07501109631602308,NB,No sampling,True,6759.0,165.0,210.0,0.0,0.9761698440207972,1.0,0.78,0.7068868918222359
BOOKKEEPER,1,0.513496005182466,0.052565180824222034,0.07501109631602308,RF,Under sampling,True,2253.0,55.0,70.0,0.0,0.9761698440207972,1.0,0.78,0.7068868918222359
BOOKKEEPER,1,0.513496005182466,0.052565180824222034,0.07501109631602308,IBk,Under sampling,True,4506.0,110.0,140.0,0.0,0.9761698440207972,1.0,0.78,0.7068868918222359
BOOKKEEPER,1,0.513496005182466,0.052565180824222034,0.07501109631602308,NB,Under sampling,True,6759.0,165.0,210.0,0.0,0.9761698440207972,1.0,0.78,0.7068868918222359
BOOKKEEPER,1,0.513496005182466,0.052565180824222034,0.07501109631602308,RF,Over sampling,True,2253.0,55.0,70.0,0.0,0.9761698440207972,1.0,0.78,0.7068868918222359
BOOKKEEPER,1,0.513496005182466,0.052565180824222034,0.07501109631602308,IBk,Over sampling,True,4506.0,110.0,140.0,0.0,0.9761698440207972,1.0,0.78,0.7068868918222359
BOOKKEEPER,1,0.513496005182466,0.052565180824222034,0.07501109631602308,NB,Over sampling,True,6759.0,165.0,210.0,0.0,0.9761698440207972,1.0,0.78,0.7068868918222359
BOOKKEEPER,1,0.513496005182466,0.052565180824222034,0.07501109631602308,RF,Smote,True,2253.0,55.0,70.0,0.0,0.9761698440207972,1.0,0.78,0.7068868918222359
BOOKKEEPER,1,0.513496005182466,0.052565180824222034,0.07501109631602308,IBk,Smote,True,4506.0,110.0,140.0,0.0,0.9761698440207972,1.0,0.78,0.7068868918222359
BOOKKEEPER,1,0.513496005182466,0.052565180824222034,0.07501109631602308,NB,Smote,True,6759.0,165.0,210.0,0.0,0.9761698440207972,1.0,0.78,0.7068868918222359
BOOKKEEPER,2,0.666235074090059,0.06348520837832002,0.07931034482758621,RF,No sampling,False,4337.0,82.0,212.0,0.0,0.9814437655578185,1.0,0.9259049250320373,0.8288394189206848
BOOKKEEPER,2,0.666235074090059,0.06348520837832002,0.07931034482758621,IBk,No sampling,False,8649.0,163.0,425.0,25.0,0.9815024965955516,0.9971178233802167,0.9265185149457523,0.8083321115063523
BOOKKEEPER,2,0.666235074090059,0.06348520837832002,0.07931034482758621,NB,No sampling,False,12795.0,240.0,642.0,216.0,0.9815880322209436,0.9833986626700484,0.920388443338804,0.7204271009908606
BOOKKEEPER,2,0.666235074090059,0.06348520837832002,0.07931034482758621,RF,Under sampling,False,4337.0,82.0,212.0,0.0,0.9814437655578185,1.0,0.9306097352475692,0.8288394189206848
BOOKKEEPER,2,0.666235074090059,0.06348520837832002,0.07931034482758621,IBk,Under sampling,False,8645.0,158.0,430.0,29.0,0.9820515733272748,0.9966566751210514,0.9302350522869973,0.8108666856674238
BOOKKEEPER,2,0.666235074090059,0.06348520837832002,0.07931034482758621,NB,Under sampling,False,12787.0,234.0,648.0,224.0,0.9820290300284157,0.9827837983244947,0.9224588177699281,0.7212894337715525
BOOKKEEPER,2,0.666235074090059,0.06348520837832002,0.07931034482758621,RF,Over sampling,False,4337.0,82.0,212.0,0.0,0.9814437655578185,1.0,0.9182085331250324,0.8288394189206848
BOOKKEEPER,2,0.666235074090059,0.06348520837832002,0.07931034482758621,IBk,Over sampling,False,8649.0,163.0,425.0,25.0,0.9815024965955516,0.9971178233802167,0.9212494255253404,0.8083321115063523
BOOKKEEPER,2,0.666235074090059,0.06348520837832002,0.07931034482758621,NB,Over sampling,False,12794.0,239.0,643.0,217.0,0.9816619350878539,0.9833218046268541,0.9171864170052516,0.7207260654667147
BOOKKEEPER,2,0.666235074090059,0.06348520837832002,0.07931034482758621,RF,Smote,False,4337.0,82.0,212.0,0.0,0.9814437655578185,1.0,0.9318061326444343,0.8288394189206848
BOOKKEEPER,2,0.666235074090059,0.06348520837832002,0.07931034482758621,IBk,Smote,False,8644.0,156.0,432.0,30.0,0.9822727272727273,0.9965413880562601,0.9306378707812385,0.8123751060251014
BOOKKEEPER,2,0.666235074090059,0.06348520837832002,0.07931034482758621,NB,Smote,False,12789.0,196.0,686.0,222.0,0.9849056603773585,0.9829375144108831,0.9244211813795792,0.7504046760618738
BOOKKEEPER,2,0.666235074090059,0.06348520837832002,0.07931034482758621,RF,No sampling,True,4337.0,82.0,212.0,0.0,0.9814437655578185,1.0,0.8605442176870748,0.8288394189206848
BOOKKEEPER,2,0.666235074090059,0.06348520837832002,0.07931034482758621,IBk,No sampling,True,8674.0,164.0,424.0,0.0,0.9814437655578185,1.0,0.8790148524247144,0.8288394189206848
BOOKKEEPER,2,0.666235074090059,0.06348520837832002,0.07931034482758621,NB,No sampling,True,12985.0,244.0,638.0,26.0,0.9815556731423388,0.9980016908769502,0.8762841262347175,0.8152825178672359
BOOKKEEPER,2,0.666235074090059,0.06348520837832002,0.07931034482758621,RF,Under sampling,True,4337.0,82.0,212.0,0.0,0.9814437655578185,1.0,0.8605442176870748,0.8288394189206848
BOOKKEEPER,2,0.666235074090059,0.06348520837832002,0.07931034482758621,IBk,Under sampling,True,8674.0,164.0,424.0,0.0,0.9814437655578185,1.0,0.8790205383513793,0.8288394189206848
BOOKKEEPER,2,0.666235074090059,0.06348520837832002,0.07931034482758621,NB,Under sampling,True,12985.0,244.0,638.0,26.0,0.9815556731423388,0.9980016908769502,0.876286784024193,0.8152825178672359
BOOKKEEPER,2,0.666235074090059,0.06348520837832002,0.07931034482758621,RF,Over sampling,True,4337.0,82.0,212.0,0.0,0.9814437655578185,1.0,0.8605442176870748,0.8288394189206848
BOOKKEEPER,2,0.666235074090059,0.06348520837832002,0.07931034482758621,IBk,Over sampling,True,8674.0,164.0,424.0,0.0,0.9814437655578185,1.0,0.8790127937271288,0.8288394189206848
BOOKKEEPER,2,0.666235074090059,0.06348520837832002,0.07931034482758621,NB,Over sampling,True,12985.0,244.0,638.0,26.0,0.9815556731423388,0.9980016908769502,0.8762825141329045,0.8152825178672359
BOOKKEEPER,2,0.666235074090059,0.06348520837832002,0.07931034482758621,RF,Smote,True,4337.0,82.0,212.0,0.0,0.9814437655578185,1.0,0.8605442176870748,0.8288394189206848
BOOKKEEPER,2,0.666235074090059,0.06348520837832002,0.07931034482758621,IBk,Smote,True,8674.0,164.0,424.0,0.0,0.9814437655578185,1.0,0.8790148524247144,0.8288394189206848
BOOKKEEPER,2,0.666235074090059,0.06348520837832002,0.07931034482758621,NB,Smote,True,12986.0,244.0,638.0,25.0,0.981557067271353,0.9980785489201445,0.8765073369803433,0.8158566727730513
BOOKKEEPER,3,0.7654443343244136,0.06876708387282406,0.002347417840375587,RF,No sampling,False,6473.0,478.0,0.0,0.0,0.931232916127176,1.0,0.5,0.0
BOOKKEEPER,3,0.7654443343244136,0.06876708387282406,0.002347417840375587,IBk,No sampling,False,12946.0,956.0,0.0,0.0,0.931232916127176,1.0,0.5,0.0
BOOKKEEPER,3,0.7654443343244136,0.06876708387282406,0.002347417840375587,NB,No sampling,False,19419.0,1434.0,0.0,0.0,0.931232916127176,1.0,0.45530414826871235,0.0
BOOKKEEPER,3,0.7654443343244136,0.06876708387282406,0.002347417840375587,RF,Under sampling,False,6473.0,478.0,0.0,0.0,0.931232916127176,1.0,0.5,0.0
BOOKKEEPER,3,0.7654443343244136,0.06876708387282406,0.002347417840375587,IBk,Under sampling,False,6473.0,478.0,478.0,6473.0,0.931232916127176,0.5,0.5,0.0
BOOKKEEPER,3,0.7654443343244136,0.06876708387282406,0.002347417840375587,NB,Under sampling,False,6473.0,478.0,956.0,12946.0,0.931232916127176,0.3333333333333333,0.5,0.0
BOOKKEEPER,3,0.7654443343244136,0.06876708387282406,0.002347417840375587,RF,Over sampling,False,6473.0,478.0,0.0,0.0,0.931232916127176,1.0,0.5,0.0
BOOKKEEPER,3,0.7654443343244136,0.06876708387282406,0.002347417840375587,IBk,Over sampling,False,6473.0,478.0,478.0,6473.0,0.931232916127176,0.5,0.5,0.0
BOOKKEEPER,3,0.7654443343244136,0.06876708387282406,0.002347417840375587,NB,Over sampling,False,6473.0,478.0,956.0,12946.0,0.931232916127176,0.3333333333333333,0.5,0.0
BOOKKEEPER,3,0.7654443343244136,0.06876708387282406,0.002347417840375587,RF,Smote,False,6473.0,478.0,0.0,0.0,0.931232916127176,1.0,0.5,0.0
BOOKKEEPER,3,0.7654443343244136,0.06876708387282406,0.002347417840375587,IBk,Smote,False,12946.0,956.0,0.0,0.0,0.931232916127176,1.0,0.5,0.0
BOOKKEEPER,3,0.7654443343244136,0.06876708387282406,0.002347417840375587,NB,Smote,False,19419.0,1434.0,0.0,0.0,0.931232916127176,1.0,0.4964399379376752,0.0
BOOKKEEPER,3,0.7654443343244136,0.06876708387282406,0.002347417840375587,RF,No sampling,True,6473.0,478.0,0.0,0.0,0.931232916127176,1.0,0.5,0.0
BOOKKEEPER,3,0.7654443343244136,0.06876708387282406,0.002347417840375587,IBk,No sampling,True,12946.0,956.0,0.0,0.0,0.931232916127176,1.0,0.5,0.0
BOOKKEEPER,3,0.7654443343244136,0.06876708387282406,0.002347417840375587,NB,No sampling,True,19419.0,1434.0,0.0,0.0,0.931232916127176,1.0,0.45181199335824246,0.0
BOOKKEEPER,3,0.7654443343244136,0.06876708387282406,0.002347417840375587,RF,Under sampling,True,6473.0,478.0,0.0,0.0,0.931232916127176,1.0,0.5,0.0
BOOKKEEPER,3,0.7654443343244136,0.06876708387282406,0.002347417840375587,IBk,Under sampling,True,6473.0,478.0,478.0,6473.0,0.931232916127176,0.5,0.5,0.0
BOOKKEEPER,3,0.7654443343244136,0.06876708387282406,0.002347417840375587,NB,Under sampling,True,6473.0,478.0,956.0,12946.0,0.931232916127176,0.3333333333333333,0.5,0.0
BOOKKEEPER,3,0.7654443343244136,0.06876708387282406,0.002347417840375587,RF,Over sampling,True,6473.0,478.0,0.0,0.0,0.931232916127176,1.0,0.5,0.0
BOOKKEEPER,3,0.7654443343244136,0.06876708387282406,0.002347417840375587,IBk,Over sampling,True,6473.0,478.0,478.0,6473.0,0.931232916127176,0.5,0.5,0.0
BOOKKEEPER,3,0.7654443343244136,0.06876708387282406,0.002347417840375587,NB,Over sampling,True,6473.0,478.0,956.0,12946.0,0.931232916127176,0.3333333333333333,0.5,0.0
BOOKKEEPER,3,0.7654443343244136,0.06876708387282406,0.002347417840375587,RF,Smote,True,6473.0,478.0,0.0,0.0,0.931232916127176,1.0,0.5,0.0
BOOKKEEPER,3,0.7654443343244136,0.06876708387282406,0.002347417840375587,IBk,Smote,True,12946.0,956.0,0.0,0.0,0.931232916127176,1.0,0.5,0.0
BOOKKEEPER,3,0.7654443343244136,0.06876708387282406,0.002347417840375587,NB,Smote,True,19419.0,1434.0,0.0,0.0,0.931232916127176,1.0,0.5,0.0
BOOKKEEPER,4,0.7957413249211357,0.053187974892632967,0.04118404118404118,RF,No sampling,False,8598.0,87.0,396.0,0.0,0.9899827288428324,1.0,0.9445112662822545,0.8960418376446424
BOOKKEEPER,4,0.7957413249211357,0.053187974892632967,0.04118404118404118,IBk,No sampling,False,17078.0,168.0,798.0,118.0,0.9902586106923345,0.9931379390555943,0.9071601164409654,0.8397363723841894
BOOKKEEPER,4,0.7957413249211357,0.053187974892632967,0.04118404118404118,NB,No sampling,False,25527.0,247.0,1202.0,267.0,0.9904166989989912,0.9896487555245406,0.9177014486439328,0.8138850264744192
BOOKKEEPER,4,0.7957413249211357,0.053187974892632967,0.04118404118404118,RF,Under sampling,False,8598.0,87.0,396.0,0.0,0.9899827288428324,1.0,0.8812990117110387,0.8960418376446424
BOOKKEEPER,4,0.7957413249211357,0.053187974892632967,0.04118404118404118,IBk,Under sampling,False,16993.0,155.0,811.0,203.0,0.9909610450198274,0.9881949290532682,0.8901604302026038,0.8087744522981664
BOOKKEEPER,4,0.7957413249211357,0.053187974892632967,0.04118404118404118,NB,Under sampling,False,25457.0,225.0,1224.0,337.0,0.9912390000778756,0.9869349461114988,0.90638910681236,0.8023873258317119
BOOKKEEPER,4,0.7957413249211357,0.053187974892632967,0.04118404118404118,RF,Over sampling,False,8598.0,87.0,396.0,0.0,0.9899827288428324,1.0,0.9373403800874295,0.8960418376446424
BOOKKEEPER,4,0.7957413249211357,0.053187974892632967,0.04118404118404118,IBk,Over sampling,False,17078.0,168.0,798.0,118.0,0.9902586106923345,0.9931379390555943,0.9030899140201607,0.8397363723841894
BOOKKEEPER,4,0.7957413249211357,0.053187974892632967,0.04118404118404118,NB,Over sampling,False,25503.0,230.0,1219.0,291.0,0.9910620603893833,0.9887183065829263,0.9161592755426509,0.8138203422561585
BOOKKEEPER,4,0.7957413249211357,0.053187974892632967,0.04118404118404118,RF,Smote,False,8598.0,87.0,396.0,0.0,0.9899827288428324,1.0,0.9442673364743209,0.8960418376446424
BOOKKEEPER,4,0.7957413249211357,0.053187974892632967,0.04118404118404118,IBk,Smote,False,17078.0,168.0,798.0,118.0,0.9902586106923345,0.9931379390555943,0.9068739865354599,0.8397363723841894
BOOKKEEPER,4,0.7957413249211357,0.053187974892632967,0.04118404118404118,NB,Smote,False,25516.0,233.0,1216.0,278.0,0.9909511048972776,0.989222299759634,0.9180529355241371,0.8164560499314555
BOOKKEEPER,4,0.7957413249211357,0.053187974892632967,0.04118404118404118,RF,No sampling,True,8598.0,87.0,396.0,0.0,0.9899827288428324,1.0,0.9099378881987578,0.8960418376446424
BOOKKEEPER,4,0.7957413249211357,0.053187974892632967,0.04118404118404118,IBk,No sampling,True,17196.0,174.0,792.0,0.0,0.9899827288428324,1.0,0.9099378881987578,0.8960418376446424
BOOKKEEPER,4,0.7957413249211357,0.053187974892632967,0.04118404118404118,NB,No sampling,True,25794.0,265.0,1184.0,0.0,0.989830768640393,1.0,0.9099378881987578,0.8942981163268234
BOOKKEEPER,4,0.7957413249211357,0.053187974892632967,0.04118404118404118,RF,Under sampling,True,8598.0,87.0,396.0,0.0,0.9899827288428324,1.0,0.9099378881987578,0.8960418376446424
BOOKKEEPER,4,0.7957413249211357,0.053187974892632967,0.04118404118404118,IBk,Under sampling,True,17196.0,174.0,792.0,0.0,0.9899827288428324,1.0,0.9099378881987578,0.8960418376446424
BOOKKEEPER,4,0.7957413249211357,0.053187974892632967,0.04118404118404118,NB,Under sampling,True,25794.0,261.0,1188.0,0.0,0.9899827288428324,1.0,0.9099378881987578,0.8960418376446424
BOOKKEEPER,4,0.7957413249211357,0.053187974892632967,0.04118404118404118,RF,Over sampling,True,8598.0,87.0,396.0,0.0,0.9899827288428324,1.0,0.9099378881987578,0.8960418376446424
BOOKKEEPER,4,0.7957413249211357,0.053187974892632967,0.04118404118404118,IBk,Over sampling,True,17196.0,174.0,792.0,0.0,0.9899827288428324,1.0,0.9099378881987578,0.8960418376446424
BOOKKEEPER,4,0.7957413249211357,0.053187974892632967,0.04118404118404118,NB,Over sampling,True,25794.0,261.0,1188.0,0.0,0.9899827288428324,1.0,0.9099378881987578,0.8960418376446424
BOOKKEEPER,4,0.7957413249211357,0.053187974892632967,0.04118404118404118,RF,Smote,True,8598.0,87.0,396.0,0.0,0.9899827288428324,1.0,0.9099378881987578,0.8960418376446424
BOOKKEEPER,4,0.7957413249211357,0.053187974892632967,0.04118404118404118,IBk,Smote,True,17196.0,174.0,792.0,0.0,0.9899827288428324,1.0,0.9099378881987578,0.8960418376446424
BOOKKEEPER,4,0.7957413249211357,0.053187974892632967,0.04118404118404118,NB,Smote,True,25794.0,265.0,1184.0,0.0,0.989830768640393,1.0,0.9099378881987578,0.8942981163268234
BOOKKEEPER,5,0.8415308605560062,0.05073606729758149,0.03396928804094928,RF,No sampling,False,10833.0,92.0,487.0,0.0,0.991578947368421,1.0,0.9447113318911208,0.9095007553498993
BOOKKEEPER,5,0.8415308605560062,0.05073606729758149,0.03396928804094928,IBk,No sampling,False,21635.0,246.0,912.0,31.0,0.9887573694072483,0.9985691867442075,0.8611481987409099,0.861866866206812
BOOKKEEPER,5,0.8415308605560062,0.05073606729758149,0.03396928804094928,NB,No sampling,False,31972.0,307.0,1430.0,527.0,0.99048917252703,0.9837841164343518,0.9045166670289293,0.7614019972362802
BOOKKEEPER,5,0.8415308605560062,0.05073606729758149,0.03396928804094928,RF,Under sampling,False,10833.0,92.0,487.0,0.0,0.991578947368421,1.0,0.9581559065906691,0.9095007553498993
BOOKKEEPER,5,0.8415308605560062,0.05073606729758149,0.03396928804094928,IBk,Under sampling,False,21322.0,144.0,1014.0,344.0,0.9932917171340725,0.984122588387335,0.9445578397230875,0.7948028646101617
BOOKKEEPER,5,0.8415308605560062,0.05073606729758149,0.03396928804094928,NB,Under sampling,False,31630.0,195.0,1542.0,869.0,0.993872741555381,0.9732607157143297,0.9436875104770506,0.7274136796111834
BOOKKEEPER,5,0.8415308605560062,0.05073606729758149,0.03396928804094928,RF,Over sampling,False,10833.0,92.0,487.0,0.0,0.991578947368421,1.0,0.9269213863415805,0.9095007553498993
BOOKKEEPER,5,0.8415308605560062,0.05073606729758149,0.03396928804094928,IBk,Over sampling,False,21628.0,241.0,917.0,38.0,0.9889798344688829,0.9982460998799964,0.8563935885153581,0.8616136030486531
BOOKKEEPER,5,0.8415308605560062,0.05073606729758149,0.03396928804094928,NB,Over sampling,False,31911.0,292.0,1445.0,588.0,0.9909325218147378,0.9819071356041724,0.9005340813551094,0.7530661294912746
BOOKKEEPER,5,0.8415308605560062,0.05073606729758149,0.03396928804094928,RF,Smote,False,10833.0,92.0,487.0,0.0,0.991578947368421,1.0,0.9529553480083166,0.9095007553498993
BOOKKEEPER,5,0.8415308605560062,0.05073606729758149,0.03396928804094928,IBk,Smote,False,21635.0,246.0,912.0,31.0,0.9887573694072483,0.9985691867442075,0.8644408867423102,0.861866866206812
BOOKKEEPER,5,0.8415308605560062,0.05073606729758149,0.03396928804094928,NB,Smote,False,31939.0,293.0,1444.0,560.0,0.990909655001241,0.9827687005754023,0.906906723297965,0.7588794713915656
BOOKKEEPER,5,0.8415308605560062,0.05073606729758149,0.03396928804094928,RF,No sampling,True,10833.0,92.0,487.0,0.0,0.991578947368421,1.0,0.9205526770293609,0.9095007553498993
BOOKKEEPER,5,0.8415308605560062,0.05073606729758149,0.03396928804094928,IBk,No sampling,True,21666.0,184.0,974.0,0.0,0.991578947368421,1.0,0.9205526770293609,0.9095007553498993
BOOKKEEPER,5,0.8415308605560062,0.05073606729758149,0.03396928804094928,NB,No sampling,True,32499.0,276.0,1461.0,0.0,0.991578947368421,1.0,0.9205526770293609,0.9095007553498993
BOOKKEEPER,5,0.8415308605560062,0.05073606729758149,0.03396928804094928,RF,Under sampling,True,10833.0,92.0,487.0,0.0,0.991578947368421,1.0,0.9205526770293609,0.9095007553498993
BOOKKEEPER,5,0.8415308605560062,0.05073606729758149,0.03396928804094928,IBk,Under sampling,True,21666.0,184.0,974.0,0.0,0.991578947368421,1.0,0.9205526770293609,0.9095007553498993
BOOKKEEPER,5,0.8415308605560062,0.05073606729758149,0.03396928804094928,NB,Under sampling,True,32499.0,276.0,1461.0,0.0,0.991578947368421,1.0,0.9205526770293609,0.9095007553498993
BOOKKEEPER,5,0.8415308605560062,0.05073606729758149,0.03396928804094928,RF,Over sampling,True,10833.0,92.0,487.0,0.0,0.991578947368421,1.0,0.9205526770293609,0.9095007553498993
BOOKKEEPER,5,0.8415308605560062,0.05073606729758149,0.03396928804094928,IBk,Over sampling,True,21666.0,184.0,974.0,0.0,0.991578947368421,1.0,0.9205526770293609,0.9095007553498993
BOOKKEEPER,5,0.8415308605560062,0.05073606729758149,0.03396928804094928,NB,Over sampling,True,32499.0,276.0,1461.0,0.0,0.991578947368421,1.0,0.9205526770293609,0.9095007553498993
BOOKKEEPER,5,0.8415308605560062,0.05073606729758149,0.03396928804094928,RF,Smote,True,10833.0,92.0,487.0,0.0,0.991578947368421,1.0,0.9205526770293609,0.9095007553498993
BOOKKEEPER,5,0.8415308605560062,0.05073606729758149,0.03396928804094928,IBk,Smote,True,21666.0,184.0,974.0,0.0,0.991578947368421,1.0,0.9205526770293609,0.9095007553498993
BOOKKEEPER,5,0.8415308605560062,0.05073606729758149,0.03396928804094928,NB,Smote,True,32499.0,276.0,1461.0,0.0,0.991578947368421,1.0,0.9205526770293609,0.9095007553498993
BOOKKEEPER,6,0.8632630975873703,0.04807905021753558,0.016294227188081937,RF,No sampling,False,12909.0,94.0,558.0,0.0,0.9927708990233023,1.0,0.954633056691793,0.918709295947027
BOOKKEEPER,6,0.8632630975873703,0.04807905021753558,0.016294227188081937,IBk,No sampling,False,25802.0,233.0,1071.0,16.0,0.9910505089302861,0.9993802773258966,0.955044427913754,0.8910987982256722
BOOKKEEPER,6,0.8632630975873703,0.04807905021753558,0.016294227188081937,NB,No sampling,False,38198.0,338.0,1618.0,529.0,0.9912289806933776,0.9863402793916389,0.9474361469408084,0.7774953944463107
BOOKKEEPER,6,0.8632630975873703,0.04807905021753558,0.016294227188081937,RF,Under sampling,False,12674.0,89.0,563.0,235.0,0.9930267178563034,0.9817956464482144,0.9608978279765817,0.7640660740687599
BOOKKEEPER,6,0.8632630975873703,0.04807905021753558,0.016294227188081937,IBk,Under sampling,False,25326.0,173.0,1131.0,492.0,0.9932154202125574,0.9809435277713223,0.9581001353504736,0.7600088405953114
BOOKKEEPER,6,0.8632630975873703,0.04807905021753558,0.016294227188081937,NB,Under sampling,False,37660.0,237.0,1719.0,1067.0,0.9937462068237591,0.9724481627804891,0.9509495391235053,0.7085449653503375
BOOKKEEPER,6,0.8632630975873703,0.04807905021753558,0.016294227188081937,RF,Over sampling,False,12909.0,94.0,558.0,0.0,0.9927708990233023,1.0,0.9287077736700556,0.918709295947027
BOOKKEEPER,6,0.8632630975873703,0.04807905021753558,0.016294227188081937,IBk,Over sampling,False,25799.0,226.0,1078.0,19.0,0.991316042267051,0.9992640793245022,0.9361411338786323,0.8932701173579138
BOOKKEEPER,6,0.8632630975873703,0.04807905021753558,0.016294227188081937,NB,Over sampling,False,38178.0,321.0,1635.0,549.0,0.9916621210940544,0.9858238438298861,0.9346020565646908,0.7786254308222279
BOOKKEEPER,6,0.8632630975873703,0.04807905021753558,0.016294227188081937,RF,Smote,False,12909.0,94.0,558.0,0.0,0.9927708990233023,1.0,0.9549093536777261,0.918709295947027
BOOKKEEPER,6,0.8632630975873703,0.04807905021753558,0.016294227188081937,IBk,Smote,False,25796.0,220.0,1084.0,22.0,0.9915436654366544,0.999147881323108,0.9552693833236621,0.8949492803823951
BOOKKEEPER,6,0.8632630975873703,0.04807905021753558,0.016294227188081937,NB,Smote,False,38183.0,271.0,1685.0,544.0,0.9929526187132678,0.9859529527203243,0.9493946416800567,0.7947446363361521
BOOKKEEPER,6,0.8632630975873703,0.04807905021753558,0.016294227188081937,RF,No sampling,True,12909.0,94.0,558.0,0.0,0.9927708990233023,1.0,0.9279141104294478,0.918709295947027
BOOKKEEPER,6,0.8632630975873703,0.04807905021753558,0.016294227188081937,IBk,No sampling,True,25818.0,196.0,1108.0,0.0,0.9924655954486046,1.0,0.9359455844046599,0.9149843111792038
BOOKKEEPER,6,0.8632630975873703,0.04807905021753558,0.016294227188081937,NB,No sampling,True,38487.0,269.0,1687.0,240.0,0.9930591392300547,0.9938027732589666,0.9393469469021338,0.8623469886211975
BOOKKEEPER,6,0.8632630975873703,0.04807905021753558,0.016294227188081937,RF,Under sampling,True,12909.0,94.0,558.0,0.0,0.9927708990233023,1.0,0.9279141104294478,0.918709295947027
BOOKKEEPER,6,0.8632630975873703,0.04807905021753558,0.016294227188081937,IBk,Under sampling,True,25792.0,184.0,1120.0,26.0,0.9929165383430859,0.998992950654582,0.9284628133128217,0.910248847260513
BOOKKEEPER,6,0.8632630975873703,0.04807905021753558,0.016294227188081937,NB,Under sampling,True,38183.0,232.0,1724.0,544.0,0.9939606924378498,0.9859529527203243,0.9274322293176667,0.806286377899555
BOOKKEEPER,6,0.8632630975873703,0.04807905021753558,0.016294227188081937,RF,Over sampling,True,12909.0,94.0,558.0,0.0,0.9927708990233023,1.0,0.9279141104294478,0.918709295947027
BOOKKEEPER,6,0.8632630975873703,0.04807905021753558,0.016294227188081937,IBk,Over sampling,True,25818.0,196.0,1108.0,0.0,0.9924655954486046,1.0,0.9358918071854563,0.9149843111792038
BOOKKEEPER,6,0.8632630975873703,0.04807905021753558,0.016294227188081937,NB,Over sampling,True,38398.0,261.0,1695.0,329.0,0.9932486613725136,0.9915046350091667,0.9318021758201174,0.8441370159095379
BOOKKEEPER,6,0.8632630975873703,0.04807905021753558,0.016294227188081937,RF,Smote,True,12909.0,94.0,558.0,0.0,0.9927708990233023,1.0,0.9279141104294478,0.918709295947027
BOOKKEEPER,6,0.8632630975873703,0.04807905021753558,0.016294227188081937,IBk,Smote,True,25818.0,196.0,1108.0,0.0,0.9924655954486046,1.0,0.9359455844046599,0.9149843111792038
BOOKKEEPER,6,0.8632630975873703,0.04807905021753558,0.016294227188081937,NB,Smote,True,38511.0,277.0,1679.0,216.0,0.9928586160668248,0.99442249593307,0.94096425357662,0.8656229192557829
